Time,SETPOINT,PV 1,PV 2,MV 1,MV 2
1,8,1,8,5,43
2,8,1,8,5,44
3,8,1,7,7,47
4,8,2,7,6,45
5,8,4,7,6,41
6,8,4,8,1,38
7,8,2,8,5,36
8,8,1,8,5,40
9,8,1,8,5,39
10,8,1,8,5,45
11,8,1,8,5,45
12,8,2,7,6,48
13,8,3,8,6,44
14,8,4,8,5,36
15,8,3,8,5,36
16,8,2,9,3,37
17,8,1,9,4,41
18,8,2,8,7,43
19,8,3,8,5,45
20,8,4,9,3,40
21,8,3,9,4,35
22,8,1,9,4,36
23,8,1,9,4,40
24,8,0,8,6,42
25,8,1,7,4,48
26,8,3,7,5,49
27,8,4,8,0,41
28,8,4,8,5,34
29,8,2,8,5,34
30,8,1,9,3,37
31,8,0,9,4,39
32,8,0,8,5,45
33,8,1,7,6,46
34,8,3,7,5,41
35,8,4,7,5,38
36,8,3,8,3,36
37,8,2,8,5,38
38,8,1,8,5,42
39,8,0,8,5,44
40,8,0,7,7,50
41,8,2,7,11,47
42,8,4,7,6,42
43,8,4,7,6,38
44,8,3,8,1,37
45,8,2,8,5,39
46,8,1,8,5,43
47,8,2,8,5,44
48,8,3,8,5,41
49,8,3,9,3,38
50,8,3,9,5,36
51,8,1,9,4,36
52,8,1,9,4,40
53,8,1,8,4,42
54,8,2,8,5,49
55,8,4,8,5,42
56,8,3,9,2,37
57,8,2,9,4,33
58,8,1,9,4,41
59,8,0,9,4,42
60,8,0,8,5,45
61,8,1,7,6,47
62,8,3,7,5,44
63,8,4,7,5,38
64,8,3,7,6,36
65,8,2,8,4,33
66,8,1,8,5,41
67,8,0,8,5,43
68,8,0,7,6,52
69,8,3,6,10,47
70,8,4,7,5,39
71,8,4,7,6,38
72,8,3,8,1,37
73,8,1,8,6,39
74,8,1,8,6,43
75,8,0,8,6,46
76,8,2,7,7,48
77,8,4,7,7,46
78,8,4,8,3,41
79,8,4,8,6,36
80,8,2,8,6,37
81,8,1,9,5,41
82,8,0,8,8,44
83,8,2,8,6,47
84,8,3,8,6,42
85,8,4,8,6,38
86,8,4,9,4,33
87,8,2,9,5,38
88,8,1,9,5,42
89,8,0,9,5,44
90,8,1,8,8,49
91,8,3,8,5,45
92,8,4,8,5,39
93,8,4,9,0,36
94,8,2,9,4,36
95,8,1,9,4,40
96,8,0,9,4,43
97,8,1,8,6,45
98,8,3,8,5,43
99,8,3,8,5,39
100,8,2,9,1,37
101,8,1,9,4,38
102,8,1,9,4,42
103,8,1,8,4,42
104,8,2,7,6,46
105,8,3,7,5,44
106,8,3,8,3,40
107,8,2,8,5,36
108,8,1,8,5,39
109,8,1,8,5,43
110,8,1,7,7,49
111,8,3,7,5,44
112,8,4,7,6,39
113,8,4,8,4,33
114,8,2,8,5,37
115,8,1,8,5,41
116,8,0,8,8,45
117,8,1,8,5,46
118,8,3,7,6,45
119,8,4,8,2,40
120,8,3,8,5,36
121,8,2,8,5,39
122,8,1,9,4,39
123,8,0,8,5,46
124,8,2,7,8,47
125,8,3,8,3,45
126,8,4,8,5,37
127,8,3,8,5,36
128,8,2,9,3,37
129,8,1,9,4,40
130,8,0,8,4,43
131,8,2,8,5,51
132,8,4,8,5,44
133,8,4,8,5,38
134,8,2,9,3,36
135,8,1,9,4,41
136,8,0,9,4,43
137,8,0,8,5,47
138,8,2,7,6,47
139,8,4,8,5,41
140,8,3,8,4,35
141,8,2,8,5,37
142,8,1,9,1,40
143,8,0,8,6,42
144,8,1,8,5,46
145,8,2,7,5,51
146,8,4,8,2,41
147,8,4,8,5,36
148,8,2,8,5,36
149,8,1,9,3,39
150,8,0,9,4,41
151,8,1,8,5,47
152,8,3,8,4,45
153,8,4,8,4,40
154,8,3,8,4,36
155,8,1,9,3,36
156,8,1,9,4,39
157,8,0,8,5,42
158,8,1,7,8,50
159,8,3,7,5,43
160,8,4,7,5,37
161,8,4,8,0,36
162,8,2,8,5,36
163,8,1,8,5,40
164,8,0,8,5,43
165,8,0,7,5,46
166,8,2,7,5,47
167,8,3,7,6,43
168,8,4,7,6,38
169,8,3,8,1,37
170,8,2,8,5,38
171,8,1,8,5,42
172,8,0,8,5,44
173,8,2,7,8,46
174,8,3,7,6,47
175,8,4,8,5,42
176,8,4,8,5,37
177,8,2,8,5,36
178,8,1,9,4,36
179,8,0,9,4,41
180,8,0,8,6,44
181,8,2,7,9,48
182,8,4,8,6,40
183,8,5,8,5,35
184,8,3,8,5,35
185,8,2,9,3,34
186,8,1,9,4,40
187,8,0,9,4,43
188,8,1,8,5,47
189,8,3,8,4,46
190,8,4,8,5,38
191,8,3,8,5,35
192,8,2,9,3,37
193,8,1,9,4,39
194,8,0,9,4,42
195,8,1,8,5,49
196,8,3,7,6,48
197,8,4,8,4,41
198,8,4,8,5,35
199,8,2,8,5,35
200,8,1,9,4,38
201,8,0,9,4,41
202,8,1,8,5,43
203,8,2,7,6,44
204,8,4,8,0,33
205,8,3,8,5,35
206,8,1,8,5,38
207,8,1,8,5,42
208,8,0,8,5,43
209,8,1,7,8,46
210,8,2,7,5,44
211,8,3,7,6,40
212,8,3,8,4,35
213,8,2,8,5,38
214,8,1,8,5,41
215,8,0,8,5,44
216,8,2,7,7,47
217,8,3,7,6,45
218,8,4,8,6,40
219,8,3,8,5,34
220,8,2,8,5,37
221,8,1,8,5,40
222,8,0,8,5,44
223,8,2,7,11,46
224,8,4,8,4,51
225,8,4,8,5,37
226,8,3,8,6,38
227,8,1,9,4,39
228,8,1,9,5,44
229,8,1,8,7,51
230,8,3,8,5,45
231,8,4,8,5,38
232,8,3,8,5,36
233,8,2,9,4,36
234,8,1,9,4,40
235,8,0,9,4,43
236,8,1,8,5,49
237,8,3,8,5,45
238,8,4,8,5,39
239,8,3,8,5,36
240,8,1,9,4,32
241,8,1,9,4,40
242,8,0,8,5,45
243,8,1,7,6,44
244,8,3,7,5,45
245,8,4,7,5,41
246,8,2,8,5,38
247,8,2,8,5,38
248,8,1,9,5,43
249,8,1,8,5,45
250,8,2,8,5,44
251,8,3,8,5,39
252,8,3,8,5,38
253,8,2,9,0,38
254,8,1,9,4,39
255,8,1,9,4,42
256,8,1,8,6,47
257,8,3,8,4,42
258,8,4,8,4,38
259,8,3,9,0,35
260,8,1,9,4,37
261,8,1,9,4,40
262,8,0,8,7,42
263,8,1,7,4,45
264,8,3,7,5,45
265,8,4,8,3,39
266,8,3,8,4,35
267,8,1,8,4,37
268,8,0,8,6,41
269,8,1,8,4,44
270,8,2,7,5,48
271,8,4,7,5,43
272,8,4,8,3,38
273,8,2,8,5,33
274,8,1,8,5,41
275,8,0,8,5,44
276,8,1,7,10,45
277,8,2,7,5,44
278,8,3,7,6,40
279,8,3,8,4,34
280,8,2,8,5,39
281,8,1,8,5,43
282,8,0,8,5,44
283,8,1,7,9,47
284,8,3,7,6,45
285,8,4,8,6,41
286,8,3,8,5,35
287,8,2,8,5,37
288,8,1,9,3,40
289,8,2,9,4,43
290,8,3,9,3,45
291,8,3,9,4,37
292,20,3,9,4,36
293,20,1,9,8,39
294,20,1,9,11,45
295,20,2,9,11,54
296,20,5,9,13,52
297,20,7,9,15,48
298,20,8,10,15,42
299,20,8,10,17,41
300,20,8,11,17,37
301,20,7,11,19,42
302,20,7,12,17,42
303,20,7,12,21,45
304,20,7,12,22,48
305,20,9,13,22,46
306,20,9,13,24,46
307,20,11,14,21,44
308,20,11,14,25,41
309,20,11,14,26,40
310,20,10,15,26,39
311,20,9,15,27,42
312,20,9,16,25,49
313,20,10,16,27,48
314,20,11,16,28,49
315,20,12,17,26,45
316,20,13,17,28,40
317,20,13,17,29,40
318,20,12,18,27,40
319,20,12,18,29,40
320,20,10,18,29,41
321,20,9,18,29,44
322,20,10,19,28,50
323,20,11,19,29,47
324,20,12,19,29,44
325,20,13,19,29,42
326,20,13,20,28,38
327,20,12,20,29,39
328,20,11,20,29,42
329,20,10,20,29,46
330,20,11,21,29,47
331,20,11,21,28,43
332,20,12,21,28,41
333,20,12,21,27,40
334,20,12,21,27,39
335,20,10,22,24,33
336,20,9,22,26,42
337,20,9,22,26,45
338,20,9,22,26,46
339,20,10,22,25,46
340,20,11,22,25,42
341,20,11,22,25,39
342,20,10,22,24,38
343,20,8,22,24,39
344,20,8,23,23,38
345,20,6,23,23,44
346,20,6,23,22,48
347,20,8,23,22,51
348,20,9,23,21,48
349,20,10,23,21,45
350,20,10,23,20,41
351,20,10,23,20,37
352,20,8,23,19,38
353,20,7,23,19,41
354,20,6,23,18,43
355,20,7,23,18,45
356,20,7,23,18,42
357,20,8,23,17,41
358,20,8,23,17,38
359,20,7,23,16,39
360,20,5,23,16,41
361,20,5,23,15,45
362,20,4,23,15,46
363,20,4,23,15,49
364,20,5,23,14,49
365,20,7,23,14,44
366,20,8,23,13,39
367,20,7,23,13,37
368,20,6,23,12,38
369,20,4,23,12,40
370,20,3,22,11,43
371,20,3,22,12,42
372,20,2,22,11,46
373,20,2,22,11,49
374,20,4,22,11,51
375,20,6,22,11,46
376,20,6,22,10,39
377,20,5,22,10,39
378,20,5,22,10,40
379,20,4,22,9,41
380,20,2,22,9,43
381,20,2,21,9,47
382,20,3,21,9,47
383,20,4,21,9,44
384,20,5,21,9,41
385,20,5,21,9,39
386,20,5,21,9,39
387,20,4,21,9,38
388,20,3,21,8,40
389,20,2,21,8,42
390,20,3,21,8,44
391,20,4,21,8,43
392,20,4,21,8,40
393,20,4,21,8,39
394,20,3,21,7,38
395,20,2,21,7,38
396,20,2,20,8,45
397,20,3,20,8,45
398,20,4,20,8,44
399,20,4,20,8,41
400,20,4,20,8,39
401,20,4,20,8,38
402,20,2,20,8,41
403,20,1,20,8,45
404,20,2,19,10,53
405,20,4,19,9,45
406,20,6,19,9,40
407,20,5,19,9,37
408,20,3,19,9,40
409,20,3,19,9,43
410,20,3,19,10,44
411,20,4,19,10,44
412,20,4,19,10,42
413,20,5,19,10,42
414,20,5,19,10,40
415,20,4,19,10,40
416,20,3,19,10,41
417,20,3,19,11,46
418,20,4,19,11,47
419,20,5,19,11,45
420,20,6,19,11,42
421,20,4,19,11,40
422,20,3,19,11,43
423,20,4,19,11,46
424,20,5,19,12,45
425,20,6,19,12,44
426,20,6,19,12,41
427,20,6,19,12,39
428,20,5,19,12,39
429,20,4,19,12,43
430,20,4,19,13,47
431,20,4,19,13,46
432,20,6,19,13,45
433,20,7,19,13,41
434,20,7,20,15,35
435,20,6,20,12,36
436,20,4,20,12,40
437,20,3,20,12,44
438,20,3,20,12,47
439,20,4,20,12,47
440,20,6,20,12,45
441,20,6,20,12,42
442,20,7,20,12,40
443,20,6,20,12,38
444,20,5,20,12,38
445,20,3,20,12,42
446,20,4,20,12,46
447,20,5,20,12,45
448,20,6,20,12,44
449,20,6,20,12,42
450,20,6,20,12,39
451,20,6,20,12,39
452,20,5,20,12,40
453,20,4,20,12,43
454,20,4,20,12,44
455,20,5,20,12,45
456,20,6,20,12,43
457,20,6,20,12,39
458,20,6,20,12,39
459,20,5,20,12,38
460,20,4,20,12,41
461,20,3,20,12,45
462,20,4,20,12,47
463,20,5,20,12,45
464,20,6,20,12,43
465,20,6,20,12,40
466,20,5,20,12,41
467,20,6,20,12,42
468,20,6,20,12,41
469,20,6,20,12,39
470,20,5,20,12,38
471,20,3,20,12,41
472,20,3,20,12,45
473,20,4,20,12,47
474,20,5,20,12,46
475,20,6,20,12,40
476,20,6,20,12,38
477,20,6,20,12,39
478,20,5,20,12,38
479,20,4,20,12,42
480,20,3,20,12,45
481,20,4,20,12,47
482,20,5,20,12,46
483,20,6,20,12,43
484,20,6,20,12,40
485,20,6,20,12,39
486,20,6,20,12,39
487,20,5,20,12,39
488,20,3,20,12,42
489,20,4,20,12,46
490,20,4,20,12,46
491,20,6,20,12,45
492,20,6,20,12,42
493,20,6,20,12,40
494,20,6,20,12,39
495,20,5,20,12,38
496,20,4,20,12,40
497,20,3,20,12,43
498,20,4,20,12,46
499,20,5,20,12,46
500,20,6,20,12,40
501,20,6,20,12,39
502,20,6,20,12,39
503,20,6,20,12,38
504,20,4,20,12,41
505,20,3,20,12,45
506,20,4,20,12,46
507,20,5,20,12,45
508,20,6,20,12,42
509,20,6,20,12,39
510,20,6,20,12,39
511,20,5,20,12,38
512,20,4,20,12,41
513,20,3,20,12,45
514,20,4,20,12,47
515,20,5,20,12,45
516,20,6,20,12,43
517,20,6,20,12,40
518,20,6,20,12,39
519,20,5,20,12,39
520,20,4,20,12,39
521,20,3,20,12,43
522,20,4,20,12,46
523,20,5,20,12,45
524,20,6,20,12,43
525,20,6,20,12,39
526,20,6,20,12,39
527,20,5,20,12,39
528,20,4,20,12,43
529,20,3,20,12,46
530,20,4,20,12,46
531,20,5,20,12,44
532,20,6,20,12,41
533,20,6,20,12,39
534,20,6,20,12,39
535,20,5,20,12,38
536,20,4,20,12,42
537,20,3,20,12,45
538,20,4,20,12,47
539,20,5,20,12,45
540,20,6,20,12,43
541,20,6,20,12,40
542,20,6,20,12,39
543,20,5,20,12,39
544,20,4,20,12,40
545,20,4,20,12,43
546,20,4,20,12,46
547,20,5,20,12,45
548,20,6,20,12,43
549,20,6,20,12,40
550,20,6,20,12,39
551,20,5,20,12,39
552,20,4,20,12,42
553,20,3,20,12,45
554,20,4,20,12,45
555,20,5,20,12,44
556,20,6,20,12,41
557,20,6,20,12,39
558,20,6,20,12,39
559,20,5,20,12,39
560,20,3,20,12,43
561,20,4,20,12,46
562,20,4,20,12,46
563,20,6,20,12,45
564,20,6,20,12,41
565,20,7,20,12,39
566,20,6,20,12,38
567,20,5,20,12,38
568,20,4,20,12,40
569,20,4,20,12,44
570,20,4,20,12,45
571,20,6,20,12,44
572,20,6,20,12,42
573,20,6,20,12,39
574,20,5,20,12,38
575,20,4,20,12,42
576,20,3,20,12,45
577,20,4,20,12,46
578,20,5,20,12,45
579,20,6,20,12,42
580,20,6,20,12,39
581,32,5,20,15,45
582,32,6,20,17,47
583,32,7,20,19,46
584,32,8,21,17,46
585,32,9,21,22,45
586,32,10,21,23,45
587,32,11,21,25,44
588,32,11,21,27,43
589,32,11,21,28,44
590,32,12,22,28,45
591,32,12,22,31,44
592,32,13,22,32,46
593,32,14,22,34,46
594,32,14,22,35,46
595,32,15,23,33,45
596,32,15,23,37,41
597,32,16,23,39,44
598,32,16,23,40,44
599,32,16,24,40,44
600,32,17,24,42,44
601,32,17,24,43,44
602,32,18,24,44,44
603,32,18,25,44,43
604,32,19,25,46,44
605,32,19,25,47,44
606,32,19,26,44,41
607,32,19,26,48,43
608,32,19,26,49,44
609,32,19,26,50,45
610,32,20,27,50,45
611,32,20,27,51,44
612,32,20,27,51,45
613,32,21,28,52,45
614,32,21,28,52,43
615,32,22,28,53,44
616,32,22,28,53,43
617,32,22,29,49,42
618,32,21,29,53,42
619,32,21,29,54,45
620,32,21,29,54,46
621,32,22,30,50,46
622,32,22,30,54,42
623,32,21,30,55,43
624,32,22,30,55,47
625,32,22,31,50,45
626,32,22,31,55,39
627,32,22,31,55,43
628,32,22,31,55,44
629,32,22,31,55,44
630,32,22,31,55,44
631,32,22,32,55,43
632,32,22,32,55,43
633,32,22,32,55,43
634,32,22,32,55,43
635,32,22,32,55,43
636,32,22,33,54,40
637,32,22,33,54,41
638,32,21,33,54,41
639,32,21,33,54,44
640,32,21,33,53,44
641,32,22,33,53,44
642,32,22,33,53,41
643,32,21,33,53,41
644,32,21,34,49,43
645,32,21,34,52,42
646,32,21,34,51,42
647,32,21,34,51,42
648,32,20,34,51,41
649,32,20,34,51,42
650,32,20,34,50,43
651,32,20,34,50,43
652,32,20,34,50,42
653,32,20,34,49,42
654,32,20,34,49,42
655,32,19,34,49,41
656,32,19,34,49,43
657,32,19,34,48,42
658,32,19,34,48,42
659,32,19,34,48,42
660,32,19,34,49,38
661,32,18,34,47,42
662,32,18,34,48,41
663,32,16,34,46,45
664,32,15,34,46,50
665,32,16,34,46,52
666,32,18,34,46,50
667,32,19,34,45,45
668,32,19,34,45,42
669,32,19,34,45,41
670,32,18,34,44,40
671,32,17,34,44,41
672,32,16,34,44,46
673,32,17,34,43,48
674,32,18,34,43,47
675,32,18,34,43,43
676,32,18,34,42,42
677,32,18,34,42,41
678,32,16,34,42,43
679,32,15,34,42,47
680,32,16,34,41,48
681,32,17,34,41,45
682,32,17,34,41,43
683,32,17,34,40,42
684,32,17,34,40,40
685,32,17,34,40,40
686,32,15,34,40,42
687,32,14,34,39,44
688,32,15,34,39,45
689,32,15,34,39,44
690,32,16,34,38,43
691,32,16,34,38,41
692,32,16,34,38,41
693,32,14,34,37,40
694,32,13,34,37,43
695,32,14,34,37,48
696,32,15,34,37,48
697,32,16,33,37,44
698,32,16,34,37,42
699,32,16,33,37,41
700,32,15,33,36,39
701,32,13,33,36,42
702,32,12,33,36,48
703,32,13,33,36,49
704,32,15,33,36,46
705,32,16,33,36,42
706,32,14,33,36,40
707,32,13,33,35,44
708,32,13,33,35,48
709,32,14,33,35,48
710,32,15,33,35,45
711,32,15,33,35,41
712,32,15,33,35,40
713,32,15,33,34,39
714,32,14,33,34,40
715,32,12,32,37,43
716,32,12,32,35,49
717,32,14,32,35,49
718,32,15,32,35,47
719,32,15,32,35,43
720,32,15,32,35,41
721,32,15,32,35,40
722,32,14,32,35,39
723,32,12,32,35,47
724,32,12,32,35,49
725,32,13,32,35,48
726,32,14,32,35,46
727,32,15,32,35,41
728,32,16,32,35,40
729,32,16,32,35,37
730,32,14,32,35,39
731,32,12,32,35,44
732,32,13,32,35,48
733,32,13,32,35,47
734,32,15,32,35,46
735,32,15,32,35,42
736,32,15,32,35,40
737,32,15,32,35,39
738,32,13,32,35,40
739,32,12,32,35,45
740,32,13,32,35,48
741,32,14,31,36,47
742,32,15,31,39,45
743,32,15,31,36,43
744,32,16,31,38,41
745,32,16,32,35,42
746,32,15,32,34,37
747,32,13,31,37,44
748,32,13,31,35,46
749,32,13,31,36,48
750,32,14,31,37,46
751,32,15,31,37,43
752,32,16,31,37,41
753,32,16,31,37,40
754,32,15,31,37,41
755,32,15,31,37,41
756,32,15,31,37,42
757,32,14,31,38,42
758,32,13,31,38,44
759,32,13,31,38,50
760,32,14,31,38,50
761,32,16,31,38,47
762,32,17,31,38,44
763,32,17,31,39,42
764,32,17,31,39,40
765,32,16,31,39,40
766,32,15,31,39,41
767,32,13,31,39,43
768,32,14,31,39,48
769,32,15,31,39,47
770,32,16,31,40,45
771,32,17,31,40,43
772,32,17,32,40,42
773,32,17,32,39,41
774,32,17,32,39,40
775,32,16,32,39,40
776,32,16,32,39,42
777,32,16,32,39,41
778,32,16,32,39,41
779,32,14,32,39,42
780,32,14,32,39,46
781,32,14,32,39,51
782,32,16,32,39,49
783,32,16,32,39,45
784,32,17,32,39,43
785,32,17,32,39,41
786,32,17,32,39,41
787,32,16,32,39,40
788,32,15,32,39,40
789,32,14,32,39,44
790,32,15,32,39,48
791,32,16,32,39,47
792,32,16,32,39,45
793,32,17,32,39,41
794,32,17,32,39,40
795,32,16,32,39,40
796,32,15,32,39,42
797,32,14,32,39,46
798,32,14,32,39,48
799,32,15,32,39,47
800,32,16,32,39,45
801,32,17,32,39,43
802,32,17,32,39,41
803,32,17,32,39,40
804,32,16,32,39,40
805,32,15,32,39,42
806,32,14,32,39,46
807,32,14,32,39,48
808,32,15,32,39,48
809,32,16,32,39,45
810,32,17,32,39,43
811,32,17,32,39,41
812,32,16,32,39,40
813,32,16,32,39,41
814,32,16,32,39,42
815,32,16,32,39,42
816,32,15,32,39,42
817,32,13,32,39,42
818,32,14,32,39,49
819,32,15,32,39,47
820,32,16,32,39,45
821,32,17,32,39,43
822,32,17,32,39,41
823,32,17,32,39,41
824,32,15,32,39,42
825,32,14,32,39,47
826,32,15,32,39,48
827,32,16,32,39,46
828,32,17,32,39,44
829,32,17,32,39,41
830,32,17,32,39,41
831,32,16,32,39,40
832,32,16,32,39,40
833,32,16,32,39,42
834,32,15,32,39,42
835,32,15,32,39,44
836,32,16,32,39,44
837,32,16,32,39,43
838,32,16,32,39,42
839,32,16,32,39,42
840,32,16,32,39,42
841,32,16,32,39,41
842,32,16,32,39,41
843,32,15,32,39,42
844,32,15,32,39,43
845,32,15,32,39,44
846,32,16,32,39,43
847,32,16,32,39,42
848,32,16,32,39,41
849,32,16,32,39,41
850,32,16,32,39,41
851,32,15,32,39,41
852,32,15,32,39,43
853,32,16,32,39,44
854,32,16,32,39,42
855,32,16,32,39,41
856,32,16,32,39,41
857,32,16,32,39,42
858,32,15,32,39,42
859,32,15,32,39,43
860,32,16,32,39,44
861,32,16,32,39,42
862,32,16,32,39,41
863,32,16,32,39,41
864,32,15,32,39,41
865,32,15,32,39,42
866,32,15,32,39,43
867,32,16,32,39,43
868,32,16,32,39,41
869,8,16,33,34,35
870,8,15,33,29,30
871,8,13,32,26,30
872,8,11,32,23,29
873,8,9,32,19,28
874,8,8,32,15,29
875,8,6,32,12,27
876,8,4,31,11,28
877,8,3,31,6,28
878,8,2,31,2,27
879,8,0,30,2,27
880,8,0,29,0,29
881,8,0,27,2,30
882,8,0,25,0,30
883,8,0,24,0,30
884,8,0,22,1,33
885,8,0,20,0,30
886,8,0,19,0,34
887,8,0,17,1,31
888,8,0,16,0,32
889,8,0,15,0,31
890,8,0,13,1,33
891,8,0,12,3,35
892,8,0,11,0,34
893,8,0,10,0,33
894,8,0,8,1,34
895,8,0,7,1,34
896,8,0,6,2,36
897,8,0,5,8,37
898,8,0,4,7,39
899,8,0,4,5,42
900,8,1,3,7,45
901,8,2,3,8,43
902,8,3,3,8,40
903,8,3,4,8,36
904,8,2,4,9,39
905,8,2,5,8,35
906,8,1,5,9,42
907,8,1,5,10,47
908,8,3,5,10,49
909,8,5,6,7,45
910,8,5,6,10,40
911,8,5,7,9,39
912,8,5,7,10,38
913,8,3,8,9,39
914,8,2,8,9,43
915,8,2,9,9,46
916,8,4,9,8,43
917,8,4,9,8,40
918,8,4,10,4,36
919,8,4,10,7,37
920,8,2,10,7,37
921,8,1,11,1,41
922,8,1,11,5,44
923,8,1,10,6,49
924,8,2,9,8,46
925,8,4,9,6,43
926,8,4,10,5,36
927,8,3,10,5,35
928,8,2,10,4,37
929,8,1,10,6,40
930,8,0,10,4,43
931,8,1,9,5,45
932,8,2,8,9,44
933,8,4,9,4,43
934,8,3,9,4,36
935,8,2,9,4,34
936,8,1,10,1,37
937,8,0,9,4,38
938,8,0,8,8,50
939,8,2,7,4,44
940,8,4,8,4,36
941,8,3,8,4,34
942,8,2,8,4,36
943,8,1,9,3,37
944,8,0,8,5,45
945,8,0,7,6,44
946,8,1,7,5,46
947,8,2,6,6,47
948,8,4,7,6,41
949,8,4,7,5,36
950,8,3,7,6,36
951,8,1,8,5,33
952,8,1,8,5,41
953,8,0,7,10,43
954,8,2,7,6,47
955,8,3,7,6,44
956,8,4,7,6,39
957,8,2,8,2,37
958,8,1,8,5,37
959,8,1,8,5,42
960,8,1,7,5,45
961,8,3,7,6,53
962,8,4,7,6,45
963,8,5,8,4,33
964,8,3,8,6,35
965,8,2,8,6,39
966,8,1,9,5,41
967,8,0,8,10,44
968,8,1,8,6,46
969,8,3,8,6,42
970,8,4,8,6,38
971,8,3,8,6,36
972,8,2,9,5,37
973,8,1,9,5,42
974,8,0,8,5,44
975,8,1,8,5,47
976,8,3,8,5,44
977,8,4,8,5,38
978,8,3,9,0,36
979,8,1,9,4,35
980,8,1,9,4,40
981,8,0,8,9,43
982,8,2,8,5,47
983,8,3,8,5,43
984,8,3,8,5,38
985,8,2,8,5,36
986,8,1,9,4,41
987,8,0,8,6,46
988,8,2,8,5,43
989,8,3,8,5,40
990,8,3,8,5,37
991,8,3,9,3,33
992,8,1,9,4,37
993,8,1,9,4,41
994,8,1,8,6,41
995,8,2,8,4,42
996,8,2,8,4,40
997,8,1,8,4,39
998,8,1,8,4,42
999,8,1,7,7,43
1000,8,2,7,5,45
1001,8,3,8,4,40
1002,8,2,8,4,36
1003,8,1,8,4,40
1004,8,2,8,4,43
1005,8,3,8,4,42
1006,8,2,8,4,36
1007,8,1,8,4,40
1008,8,1,8,5,46
1009,8,2,8,4,42
1010,8,3,8,4,38
1011,8,3,9,4,36
1012,8,2,9,3,35
1013,8,1,9,3,39
1014,8,1,9,3,40
1015,8,0,8,4,45
1016,8,1,7,6,44
1017,8,3,7,5,42
1018,8,3,7,5,39
1019,8,3,8,4,32
1020,8,1,8,4,36
1021,8,1,8,4,40
1022,8,1,8,4,42
1023,8,2,8,4,41
1024,8,2,8,4,39
1025,8,2,8,4,39
1026,8,1,8,4,39
1027,8,1,9,2,40
1028,8,1,8,4,43
1029,8,1,7,7,42
1030,8,1,7,5,44
1031,8,2,7,5,43
1032,8,3,7,5,40
1033,8,3,7,5,38
1034,8,1,8,5,36
1035,8,1,8,5,42
1036,8,1,8,5,44
1037,8,2,7,6,45
1038,8,4,8,4,41
1039,8,4,8,5,36
1040,8,2,8,5,35
1041,8,1,9,4,32
1042,8,0,8,4,40
1043,8,0,8,5,49
1044,8,2,7,6,46
1045,8,3,7,6,44
1046,8,4,8,1,39
1047,8,3,8,5,35
1048,8,1,8,5,38
1049,8,1,8,5,42
1050,8,0,8,5,44
1051,8,1,7,7,50
1052,8,3,7,6,43
1053,8,4,7,6,38
1054,8,3,8,4,33
1055,8,2,8,6,37
1056,8,1,8,6,42
1057,8,0,8,6,45
1058,8,2,7,7,47
1059,8,3,7,6,45
1060,8,4,7,7,41
1061,8,3,8,6,32
1062,8,2,8,6,37
1063,8,1,9,6,40
1064,8,0,8,6,38
1065,8,1,7,8,47
1066,8,3,7,7,44
1067,8,4,7,7,39
1068,8,4,8,5,33
1069,8,3,8,6,37
1070,8,2,8,6,40
1071,8,1,9,5,43
1072,8,1,8,9,46
1073,8,2,8,6,47
1074,8,4,8,6,42
1075,8,4,8,6,38
1076,8,3,9,4,37
1077,8,2,9,5,38
1078,8,1,9,5,41
1079,8,0,9,5,44
1080,8,1,8,9,47
1081,8,3,8,5,46
1082,8,4,8,5,41
1083,8,4,9,2,37
1084,8,3,9,5,34
1085,8,1,9,4,36
1086,8,0,9,4,39
1087,8,0,9,4,43
1088,8,1,8,5,45
1089,8,3,8,1,36
1090,8,3,8,5,37
1091,8,2,8,5,38
1092,8,1,9,1,39
1093,8,1,8,5,43
1094,8,2,7,7,43
1095,8,3,7,6,42
1096,8,3,8,5,36
1097,8,2,8,5,36
1098,8,1,8,5,40
1099,8,0,9,4,40
1100,8,0,8,5,46
1101,8,2,7,6,48
1102,8,4,8,6,43
1103,8,4,8,5,35
1104,8,3,8,5,35
1105,8,1,9,3,38
1106,8,1,9,4,40
1107,8,0,8,5,43
1108,8,1,7,9,46
1109,8,3,7,6,48
1110,8,4,7,6,42
1111,8,3,8,2,32
1112,8,2,8,5,38
1113,8,1,8,5,42
1114,8,0,8,5,44
1115,8,1,8,5,47
1116,8,2,7,6,46
1117,8,4,7,6,42
1118,8,4,8,5,34
1119,8,3,8,6,36
1120,8,2,9,3,38
1121,8,1,9,5,41
1122,8,0,8,5,43
1123,8,2,8,5,48
1124,8,3,8,5,43
1125,8,4,8,5,38
1126,8,3,9,3,36
1127,8,1,9,4,33
1128,8,0,9,4,40
1129,8,0,8,8,43
1130,8,1,7,9,47
1131,8,3,7,6,51
1132,8,5,7,6,42
1133,8,5,8,4,32
1134,8,3,8,5,35
1135,8,2,9,0,38
1136,8,1,9,4,42
1137,8,0,8,8,48
1138,8,2,7,5,46
1139,8,4,7,6,41
1140,8,4,8,5,35
1141,8,3,8,5,35
1142,8,2,9,0,37
1143,8,1,8,8,40
1144,8,0,8,5,43
1145,8,0,8,5,45
1146,8,2,7,6,49
1147,8,4,7,6,44
1148,8,4,7,6,39
1149,8,4,8,5,31
1150,8,2,8,6,36
1151,8,1,9,3,39
1152,8,0,9,5,41
1153,8,1,8,6,44
1154,8,2,7,8,46
1155,8,4,8,6,45
1156,20,3,8,8,33
1157,20,2,8,10,39
1158,20,1,9,8,46
1159,20,2,8,14,54
1160,20,4,9,10,52
1161,20,6,9,16,49
1162,20,8,9,18,44
1163,20,9,10,18,39
1164,20,9,10,20,42
1165,20,9,11,18,41
1166,20,9,11,22,44
1167,20,9,12,22,42
1168,20,9,12,24,45
1169,20,10,13,20,46
1170,20,11,13,26,43
1171,20,12,14,24,42
1172,20,11,14,27,39
1173,20,10,14,28,41
1174,20,9,15,27,47
1175,20,10,15,29,50
1176,20,12,15,29,48
1177,20,13,16,29,46
1178,20,13,16,30,43
1179,20,14,17,29,41
1180,20,13,17,30,38
1181,20,11,17,31,40
1182,20,11,18,30,44
1183,20,11,18,31,45
1184,20,12,18,31,46
1185,20,13,19,31,45
1186,20,14,19,31,41
1187,20,14,19,31,39
1188,20,13,19,31,40
1189,20,13,20,30,40
1190,20,12,20,30,41
1191,20,10,20,30,44
1192,20,10,20,30,49
1193,20,11,21,30,48
1194,20,12,21,30,44
1195,20,13,21,30,42
1196,20,13,21,29,41
1197,20,13,22,27,40
1198,20,13,22,28,38
1199,20,12,22,28,38
1200,20,10,22,28,40
1201,20,9,22,27,44
1202,20,9,22,27,48
1203,20,11,22,27,47
1204,20,12,23,23,44
1205,20,12,23,25,38
1206,20,11,23,25,37
1207,20,10,23,24,36
1208,20,8,23,24,40
1209,20,8,23,23,44
1210,20,9,23,23,45
1211,20,10,23,23,43
1212,20,10,23,22,39
1213,20,10,23,22,38
1214,20,9,23,21,38
1215,20,7,23,21,41
1216,20,7,23,20,44
1217,20,7,23,20,44
1218,20,7,23,19,44
1219,20,8,23,19,42
1220,20,8,23,19,41
1221,20,8,23,18,40
1222,20,7,23,18,39
1223,20,6,23,17,40
1224,20,5,23,17,44
1225,20,6,23,16,46
1226,20,7,23,16,44
1227,20,7,23,15,40
1228,20,7,23,15,39
1229,20,7,23,15,38
1230,20,5,23,14,37
1231,20,4,23,14,40
1232,20,4,23,13,44
1233,20,5,23,13,45
1234,20,6,23,12,44
1235,20,6,23,12,41
1236,20,6,23,11,37
1237,20,5,23,11,38
1238,20,3,23,11,40
1239,20,2,23,10,44
1240,20,3,22,12,51
1241,20,5,22,10,44
1242,20,6,22,10,40
1243,20,5,22,10,38
1244,20,5,22,9,37
1245,20,4,22,9,38
1246,20,2,22,9,40
1247,20,2,22,8,44
1248,20,3,22,8,45
1249,20,4,22,8,42
1250,20,4,21,8,45
1251,20,5,21,8,40
1252,20,5,21,8,37
1253,20,3,21,8,37
1254,20,2,21,8,39
1255,20,2,21,7,43
1256,20,2,21,7,44
1257,20,3,21,7,44
1258,20,4,21,7,41
1259,20,4,20,8,39
1260,20,3,20,8,39
1261,20,2,20,8,43
1262,20,2,20,8,46
1263,20,3,20,8,44
1264,20,4,20,8,40
1265,20,4,20,8,39
1266,20,4,20,8,38
1267,20,4,20,8,38
1268,20,2,20,8,38
1269,20,1,19,8,42
1270,20,1,19,9,49
1271,20,4,19,9,47
1272,20,5,19,9,42
1273,20,5,19,9,39
1274,20,5,19,9,38
1275,20,5,19,9,38
1276,20,3,19,9,39
1277,20,2,19,9,41
1278,20,2,19,10,46
1279,20,4,19,10,47
1280,20,5,19,10,43
1281,20,5,19,10,41
1282,20,5,19,10,40
1283,20,5,19,10,40
1284,20,4,19,10,41
1285,20,3,19,11,44
1286,20,3,19,11,45
1287,20,4,19,11,45
1288,20,5,19,11,43
1289,20,6,19,11,42
1290,20,6,19,11,39
1291,20,5,19,11,38
1292,20,4,19,12,41
1293,20,3,19,12,44
1294,20,3,19,12,46
1295,20,4,19,12,46
1296,20,6,19,12,44
1297,20,6,19,12,41
1298,20,6,19,13,40
1299,20,6,19,13,38
1300,20,5,19,13,39
1301,20,4,19,13,44
1302,20,4,19,13,46
1303,20,5,19,13,46
1304,20,6,19,13,44
1305,20,7,19,14,41
1306,20,7,19,14,38
1307,20,6,20,13,34
1308,20,4,20,13,39
1309,20,3,20,13,43
1310,20,4,20,13,46
1311,20,5,20,13,45
1312,20,6,20,13,44
1313,20,7,20,13,40
1314,20,6,20,13,38
1315,20,5,20,13,37
1316,20,3,20,13,41
1317,20,4,20,13,45
1318,20,5,20,13,45
1319,20,6,20,13,41
1320,20,7,20,13,39
1321,20,7,20,13,36
1322,20,5,20,13,38
1323,20,4,20,13,43
1324,20,4,20,13,45
1325,20,4,20,13,45
1326,20,6,20,13,44
1327,20,6,20,13,40
1328,20,7,20,13,38
1329,20,5,20,13,37
1330,20,4,20,13,41
1331,20,4,20,13,45
1332,20,5,20,13,45
1333,20,6,20,13,44
1334,20,6,20,13,41
1335,20,6,20,13,40
1336,20,6,20,13,39
1337,20,4,20,13,40
1338,20,4,20,13,44
1339,20,5,20,13,45
1340,20,6,20,13,44
1341,20,6,20,13,41
1342,20,7,20,13,39
1343,20,6,20,13,36
1344,20,4,20,13,39
1345,20,4,20,13,43
1346,20,4,20,13,45
1347,20,6,20,13,45
1348,20,6,20,13,42
1349,20,6,20,13,39
1350,20,5,20,13,41
1351,20,4,20,13,44
1352,20,5,20,13,45
1353,20,6,20,13,43
1354,20,6,20,13,41
1355,20,6,20,13,40
1356,20,6,20,13,38
1357,20,4,20,9,41
1358,20,4,20,13,44
1359,20,2,20,13,46
1360,20,4,20,13,49
1361,20,5,20,13,48
1362,20,7,20,13,45
1363,20,7,20,13,41
1364,20,7,20,13,38
1365,20,5,20,13,37
1366,20,4,21,11,40
1367,20,4,21,12,42
1368,20,3,20,13,44
1369,20,4,20,13,48
1370,20,5,20,13,46
1371,20,6,20,13,42
1372,20,7,20,13,38
1373,20,6,20,13,37
1374,20,5,20,13,40
1375,20,4,20,13,44
1376,20,4,20,13,45
1377,20,5,20,13,45
1378,20,6,20,13,42
1379,20,6,20,13,40
1380,20,6,21,12,32
1381,20,4,21,12,36
1382,20,3,21,12,40
1383,20,2,20,13,44
1384,20,3,20,12,49
1385,20,5,20,12,49
1386,20,6,20,12,45
1387,20,7,20,12,39
1388,20,6,20,12,37
1389,20,4,20,12,41
1390,20,4,20,12,44
1391,20,3,20,12,45
1392,20,3,20,12,48
1393,20,4,20,12,48
1394,20,6,20,12,45
1395,20,7,20,12,42
1396,20,7,20,12,38
1397,20,6,20,12,37
1398,20,4,20,12,40
1399,20,3,20,12,44
1400,20,4,20,12,45
1401,20,5,20,12,45
1402,20,6,20,12,44
1403,20,6,20,12,41
1404,20,5,20,12,38
1405,20,4,20,12,41
1406,20,4,20,12,45
1407,20,5,20,12,43
1408,20,6,20,12,41
1409,20,6,20,12,39
1410,20,5,20,12,38
1411,20,4,20,12,42
1412,20,4,20,12,44
1413,20,5,20,12,45
1414,20,6,20,12,43
1415,20,6,20,12,40
1416,20,6,20,12,38
1417,20,4,20,12,38
1418,20,4,20,12,42
1419,20,4,20,12,44
1420,20,5,20,12,45
1421,20,6,20,12,43
1422,20,6,20,12,40
1423,20,5,20,12,39
1424,20,4,20,12,41
1425,20,4,20,12,44
1426,20,5,20,12,44
1427,20,6,20,12,41
1428,20,6,20,12,39
1429,20,6,20,12,38
1430,20,4,20,12,42
1431,20,4,20,12,44
1432,20,5,20,12,44
1433,20,5,20,12,43
1434,20,6,20,12,40
1435,20,6,20,12,39
1436,20,5,20,12,39
1437,20,4,20,12,43
1438,20,4,20,12,44
1439,20,4,20,12,44
1440,20,5,20,12,43
1441,20,6,20,12,41
1442,20,6,20,12,39
1443,20,4,20,12,40
1444,20,4,20,12,43
1445,32,4,20,16,48
1446,32,6,20,18,50
1447,32,8,20,19,49
1448,32,9,20,21,46
1449,32,10,21,23,45
1450,32,11,21,24,38
1451,32,9,21,26,40
1452,32,9,21,27,45
1453,32,10,21,29,52
1454,32,11,21,30,53
1455,32,13,21,32,51
1456,32,15,22,33,49
1457,32,15,22,35,44
1458,32,16,22,36,43
1459,32,16,22,37,43
1460,32,15,23,38,44
1461,32,15,23,39,47
1462,32,16,23,41,47
1463,32,17,23,42,47
1464,32,18,24,43,45
1465,32,18,24,44,44
1466,32,19,24,45,44
1467,32,19,25,42,39
1468,32,18,25,47,42
1469,32,16,25,48,48
1470,32,18,25,49,53
1471,32,19,26,48,49
1472,32,20,26,50,47
1473,32,21,26,51,47
1474,32,22,26,52,46
1475,32,22,27,52,41
1476,32,22,27,52,42
1477,32,22,27,53,42
1478,32,22,28,53,40
1479,32,21,28,54,43
1480,32,21,28,54,46
1481,32,22,28,55,46
1482,32,22,29,55,40
1483,32,22,29,55,43
1484,32,22,29,56,44
1485,32,22,30,56,45
1486,32,22,30,56,39
1487,32,22,30,56,44
1488,32,22,30,56,44
1489,32,22,31,54,45
1490,32,22,31,56,41
1491,32,22,31,56,44
1492,32,23,31,56,45
1493,32,23,31,56,42
1494,32,22,32,54,42
1495,32,22,32,56,44
1496,32,22,32,56,44
1497,32,22,32,56,44
1498,32,22,32,56,44
1499,32,23,33,53,43
1500,32,22,33,55,40
1501,32,22,33,55,43
1502,32,22,33,55,43
1503,32,22,33,55,43
1504,32,22,33,55,42
1505,32,22,33,54,43
1506,32,22,33,54,42
1507,32,21,33,54,44
1508,32,21,34,53,39
1509,32,19,34,53,44
1510,32,19,34,53,49
1511,32,20,34,52,49
1512,32,21,34,52,48
1513,32,22,34,52,45
1514,32,22,34,51,42
1515,32,22,34,51,40
1516,32,21,34,51,40
1517,32,20,34,51,42
1518,32,20,34,50,42
1519,32,20,34,50,43
1520,32,20,34,50,43
1521,32,20,34,49,42
1522,32,20,35,46,42
1523,32,19,35,48,37
1524,32,18,35,48,40
1525,32,17,35,47,44
1526,32,17,35,47,48
1527,32,18,35,45,48
1528,32,19,35,47,44
1529,32,19,35,45,43
1530,32,19,35,45,40
1531,32,18,35,45,40
1532,32,18,35,44,41
1533,32,16,35,44,44
1534,32,16,35,43,47
1535,32,16,34,44,50
1536,32,18,34,43,45
1537,32,18,34,43,42
1538,32,18,34,43,40
1539,32,18,34,42,40
1540,32,18,34,42,39
1541,32,16,34,42,40
1542,32,15,34,41,44
1543,32,15,34,41,46
1544,32,16,34,41,46
1545,32,17,34,40,44
1546,32,17,34,40,42
1547,32,17,34,40,41
1548,32,16,34,40,41
1549,32,16,34,39,42
1550,32,16,34,39,42
1551,32,16,34,39,41
1552,32,15,34,38,41
1553,32,15,34,38,42
1554,32,15,34,38,42
1555,32,15,34,38,42
1556,32,15,34,37,41
1557,32,15,34,37,40
1558,32,15,34,37,40
1559,32,15,34,36,39
1560,32,14,34,36,42
1561,32,12,33,37,48
1562,32,13,33,36,50
1563,32,14,33,36,48
1564,32,15,33,36,44
1565,32,16,33,36,42
1566,32,15,33,36,39
1567,32,13,33,36,40
1568,32,13,33,35,45
1569,32,13,33,35,47
1570,32,14,33,35,47
1571,32,15,33,35,43
1572,32,15,33,35,40
1573,32,14,33,35,40
1574,32,14,33,35,40
1575,32,13,33,34,42
1576,32,13,33,34,45
1577,32,14,32,34,45
1578,32,14,32,35,44
1579,32,15,32,35,42
1580,32,15,32,35,39
1581,32,15,32,35,39
1582,32,13,32,35,41
1583,32,12,32,35,46
1584,32,12,32,35,48
1585,32,13,32,35,48
1586,32,14,32,35,46
1587,32,15,32,35,42
1588,32,15,32,35,40
1589,32,15,32,35,39
1590,32,14,32,35,39
1591,32,13,32,35,40
1592,32,11,32,35,44
1593,32,12,32,35,48
1594,32,13,32,35,49
1595,32,14,32,35,48
1596,32,15,32,35,45
1597,32,15,32,35,40
1598,32,15,32,35,39
1599,32,13,32,35,42
1600,32,13,32,35,46
1601,32,13,32,35,47
1602,32,14,32,35,46
1603,32,15,31,38,44
1604,32,15,31,36,42
1605,32,16,32,30,41
1606,32,15,31,35,39
1607,32,15,31,40,34
1608,32,13,32,34,34
1609,32,11,31,39,42
1610,32,11,31,36,49
1611,32,12,31,36,53
1612,32,14,31,36,51
1613,32,15,31,36,48
1614,32,16,31,37,43
1615,32,16,31,37,41
1616,32,16,31,37,41
1617,32,16,31,37,40
1618,32,15,31,37,40
1619,32,13,31,37,46
1620,32,13,31,37,50
1621,32,14,31,38,50
1622,32,16,31,38,46
1623,32,17,31,38,43
1624,32,17,31,38,40
1625,32,17,31,38,40
1626,32,15,31,38,41
1627,32,14,31,39,45
1628,32,14,31,39,48
1629,32,15,31,39,47
1630,32,16,31,39,45
1631,32,17,31,39,43
1632,32,17,31,39,41
1633,32,17,32,37,41
1634,32,16,32,39,39
1635,32,16,32,39,40
1636,32,14,32,39,41
1637,32,13,32,39,46
1638,32,14,32,39,50
1639,32,16,32,39,48
1640,32,17,32,39,44
1641,32,17,32,39,42
1642,32,17,32,39,41
1643,32,16,32,39,40
1644,32,14,32,39,40
1645,32,14,32,39,48
1646,32,15,32,39,48
1647,32,16,32,39,44
1648,32,16,32,39,43
1649,32,16,32,39,43
1650,32,16,32,39,42
1651,32,16,32,39,42
1652,32,16,32,39,42
1653,32,16,32,39,41
1654,32,16,32,39,41
1655,32,16,32,39,41
1656,32,16,32,39,41
1657,32,15,32,39,40
1658,32,14,32,39,42
1659,32,12,32,39,45
1660,32,14,32,39,51
1661,32,15,32,39,50
1662,32,16,32,39,47
1663,32,17,32,39,43
1664,32,17,32,39,41
1665,32,17,32,39,40
1666,32,15,32,39,40
1667,32,15,32,39,42
1668,32,15,32,39,44
1669,32,16,32,39,44
1670,32,16,32,39,41
1671,32,16,32,39,41
1672,32,16,32,39,41
1673,32,14,32,39,43
1674,32,13,32,39,49
1675,32,14,32,39,50
1676,32,16,32,39,47
1677,32,17,32,39,44
1678,32,17,32,39,41
1679,32,17,32,39,40
1680,32,15,32,39,40
1681,32,14,32,39,43
1682,32,14,32,39,47
1683,32,15,32,39,48
1684,32,16,32,39,45
1685,32,16,32,39,43
1686,32,17,32,39,42
1687,32,16,32,39,40
1688,32,16,32,39,41
1689,32,15,32,39,41
1690,32,15,32,39,43
1691,32,15,32,39,43
1692,32,15,32,39,44
1693,32,16,32,39,42
1694,32,16,32,39,41
1695,32,16,32,39,41
1696,32,15,32,39,41
1697,32,13,32,39,44
1698,32,13,32,39,50
1699,32,15,32,39,50
1700,32,16,32,39,47
1701,32,17,32,39,43
1702,32,17,32,39,41
1703,32,16,32,39,40
1704,32,16,32,39,40
1705,32,16,32,39,41
1706,32,15,32,39,41
1707,32,16,32,39,42
1708,32,15,32,39,43
1709,32,16,32,39,42
1710,32,16,32,39,41
1711,32,15,32,39,41
1712,32,15,32,39,42
1713,32,14,32,39,43
1714,32,15,32,39,46
1715,32,15,32,39,44
1716,32,16,32,39,43
1717,32,16,32,39,41
1718,32,14,32,39,41
1719,32,13,32,39,45
1720,32,14,32,39,51
1721,32,16,32,39,49
1722,32,17,32,39,45
1723,32,16,32,39,42
1724,32,17,32,39,41
1725,32,16,32,39,40
1726,32,14,32,39,42
1727,32,13,32,39,50
1728,32,14,32,39,50
1729,32,16,32,39,46
1730,32,17,32,39,43
1731,32,17,32,39,41
1732,32,17,32,39,40
1733,8,16,32,33,34
1734,8,14,32,28,31
1735,8,12,32,25,30
1736,8,11,32,22,30
1737,8,9,32,18,29
1738,8,7,32,15,29
1739,8,6,31,13,27
1740,8,4,31,8,30
1741,8,3,31,5,28
1742,8,1,31,1,27
1743,8,0,30,0,33
1744,8,0,28,3,32
1745,8,0,27,0,32
1746,8,0,25,0,32
1747,8,0,23,0,32
1748,8,0,22,0,32
1749,8,0,20,0,32
1750,8,0,19,0,32
1751,8,0,17,0,35
1752,8,0,16,0,32
1753,8,0,14,1,32
1754,8,0,13,2,34
1755,8,0,12,0,36
1756,8,0,10,0,35
1757,8,0,9,3,34
1758,8,0,8,6,35
1759,8,0,7,4,36
1760,8,0,6,6,37
1761,8,0,5,7,39
1762,8,1,4,7,41
1763,8,1,4,6,42
1764,8,1,4,6,42
1765,8,1,3,8,49
1766,8,3,3,8,45
1767,8,4,4,7,41
1768,8,4,5,9,38
1769,8,3,5,9,32
1770,8,2,6,4,39
1771,8,1,6,9,37
1772,8,0,6,9,48
1773,8,1,6,9,51
1774,8,4,5,11,48
1775,8,5,6,10,42
1776,8,6,7,10,39
1777,8,5,7,10,36
1778,8,3,8,5,40
1779,8,3,8,9,42
1780,8,3,8,9,43
1781,8,4,9,8,35
1782,8,3,9,8,39
1783,8,2,10,8,41
1784,8,2,10,7,42
1785,8,2,10,7,45
1786,8,3,10,7,43
1787,8,4,10,6,40
1788,8,2,10,6,38
1789,8,1,11,4,40
1790,8,1,11,5,42
1791,8,1,10,5,42
1792,8,2,10,5,45
1793,8,3,10,4,40
1794,8,3,10,4,37
1795,8,2,10,4,36
1796,8,1,11,2,37
1797,8,1,10,5,40
1798,8,0,10,3,43
1799,8,1,9,4,46
1800,8,2,8,4,48
1801,8,4,9,1,38
1802,8,4,9,3,33
1803,8,2,9,3,33
1804,8,1,10,0,36
1805,8,1,9,3,44
1806,8,1,8,5,41
1807,8,1,8,3,43
1808,8,2,8,3,42
1809,8,2,8,3,40
1810,8,1,8,3,38
1811,8,1,8,3,40
1812,8,1,8,3,41
1813,8,2,7,4,48
1814,8,3,8,3,42
1815,8,3,8,3,36
1816,8,2,8,3,37
1817,8,1,9,2,39
1818,8,1,8,3,41
1819,8,1,7,6,41
1820,8,1,7,4,43
1821,8,2,6,8,46
1822,8,3,6,5,41
1823,8,3,7,4,36
1824,8,2,7,5,36
1825,8,1,8,0,40
1826,8,0,8,4,42
1827,8,1,7,5,51
1828,8,3,7,5,45
1829,8,4,7,5,39
1830,8,4,7,5,36
1831,8,2,8,5,30
1832,8,1,8,5,37
1833,8,1,8,5,41
1834,8,1,7,6,46
1835,8,2,7,6,45
1836,8,3,7,6,43
1837,8,3,7,6,39
1838,8,2,8,5,38
1839,8,1,8,5,42
1840,8,0,8,5,45
1841,8,1,7,8,53
1842,8,3,7,6,46
1843,8,5,7,6,39
1844,8,5,8,4,36
1845,8,3,8,6,36
1846,8,2,8,6,38
1847,8,1,9,5,39
1848,8,0,8,5,45
1849,8,2,8,6,47
1850,8,3,8,6,43
1851,8,4,8,6,38
1852,8,2,9,4,36
1853,8,1,9,5,38
1854,8,1,9,5,41
1855,8,1,8,10,44
1856,8,2,8,5,48
1857,8,4,8,5,43
1858,8,4,8,5,38
1859,8,2,9,4,36
1860,8,1,9,4,37
1861,8,0,9,4,43
1862,8,0,8,8,50
1863,8,2,7,10,52
1864,8,4,7,5,40
1865,8,5,8,5,34
1866,8,4,8,5,34
1867,8,3,9,2,30
1868,8,1,9,4,37
1869,8,0,9,4,41
1870,8,1,8,9,43
1871,8,1,8,4,43
1872,8,2,7,4,42
1873,8,2,8,4,35
1874,8,1,8,4,37
1875,8,1,8,4,41
1876,8,1,8,4,42
1877,8,2,8,3,45
1878,8,3,8,4,36
1879,8,2,8,4,36
1880,8,1,8,4,39
1881,8,0,8,4,42
1882,8,1,7,6,45
1883,8,3,6,9,46
1884,8,4,7,6,38
1885,8,4,7,6,37
1886,8,3,8,2,33
1887,8,1,8,5,40
1888,8,0,8,5,43
1889,8,1,7,5,46
1890,8,2,7,6,45
1891,8,4,7,6,41
1892,8,4,8,1,38
1893,8,3,8,6,36
1894,8,1,8,6,39
1895,8,1,8,9,40
1896,8,0,8,6,46
1897,8,2,7,7,50
1898,8,4,7,6,44
1899,8,5,8,5,39
1900,8,3,8,6,35
1901,8,2,8,6,37
1902,8,1,9,5,40
1903,8,0,9,5,43
1904,8,2,8,6,46
1905,8,3,8,6,41
1906,8,4,8,6,37
1907,8,3,9,4,34
1908,8,2,9,5,38
1909,8,1,9,5,42
1910,8,0,9,4,44
1911,8,1,8,5,49
1912,8,3,8,5,44
1913,8,4,8,5,39
1914,8,4,8,5,36
1915,8,2,9,1,36
1916,8,1,9,4,38
1917,8,1,9,4,42
1918,8,0,9,4,42
1919,8,1,8,5,51
1920,8,3,8,4,45
1921,8,4,8,4,38
1922,8,3,8,4,35
1923,8,2,9,3,35
1924,8,1,9,4,37
1925,8,1,9,3,41
1926,8,2,8,5,42
1927,8,2,8,4,39
1928,8,2,8,4,38
1929,8,1,9,3,39
1930,8,1,8,6,41
1931,8,1,8,4,42
1932,8,0,7,4,44
1933,8,2,7,5,45
1934,8,3,7,5,41
1935,8,3,7,5,38
1936,8,2,8,4,31
1937,8,1,8,4,37
1938,8,1,8,4,41
1939,8,1,8,4,42
1940,8,2,8,1,41
1941,8,2,8,4,38
1942,8,1,8,4,37
1943,8,1,8,4,40
1944,8,1,8,4,42
1945,8,2,7,5,45
1946,8,3,8,4,34
1947,8,2,8,4,35
1948,8,1,8,4,38
1949,8,1,8,4,42
1950,8,1,7,7,42
1951,8,3,7,5,45
1952,8,3,8,4,36
1953,8,2,8,5,37
1954,8,1,8,5,41
1955,8,1,8,5,43
1956,8,2,8,5,43
1957,8,3,7,6,42
1958,8,3,8,5,37
1959,8,3,8,5,36
1960,8,1,9,0,37
1961,8,1,9,4,40
1962,8,1,8,6,45
1963,8,2,8,5,43
1964,8,3,8,5,39
1965,8,3,8,5,36
1966,8,1,9,0,36
1967,8,1,9,4,39
1968,8,1,8,6,41
1969,8,2,8,4,43
1970,8,3,8,4,42
1971,8,3,8,4,39
1972,8,2,8,4,36
1973,8,1,9,3,36
1974,8,1,9,3,40
1975,8,1,8,4,42
1976,8,2,7,7,44
1977,8,3,8,0,39
1978,8,3,8,4,35
1979,8,1,8,4,38
1980,8,1,8,4,41
1981,8,2,8,4,42
1982,8,2,8,4,39
1983,8,2,8,4,39
1984,8,1,8,4,39
1985,8,1,8,4,42
1986,8,1,7,4,43
1987,8,2,7,5,44
1988,8,3,8,4,39
1989,8,2,8,4,36
1990,8,1,8,4,38
1991,8,0,8,2,43
1992,8,0,8,4,44
1993,8,1,7,6,46
1994,8,3,7,5,46
1995,8,4,7,5,41
1996,8,4,8,4,38
1997,8,2,8,5,35
1998,8,1,9,0,37
1999,8,0,8,4,42
2000,8,0,8,5,45
2001,8,1,7,6,47
2002,8,3,7,2,48
2003,8,4,7,6,39
2004,8,5,7,6,35
2005,8,3,8,4,31
2006,8,2,8,5,36
2007,8,1,9,5,41
2008,8,0,8,6,48
2009,8,0,7,11,47
2010,8,2,7,6,47
2011,8,4,7,6,42
2012,8,4,7,6,39
2013,8,3,8,6,31
2014,8,2,8,6,36
2015,8,1,9,3,40
2016,8,1,8,10,43
2017,8,2,8,6,46
2018,8,4,9,6,42
2019,8,2,9,5,31
2020,20,1,9,7,36
2021,20,1,9,9,43
2022,20,3,9,11,48
2023,20,4,9,12,46
2024,20,6,10,12,42
2025,20,6,10,15,42
2026,20,7,10,16,43
2027,20,7,11,17,42
2028,20,7,11,18,42
2029,20,7,12,18,41
2030,20,7,12,20,44
2031,20,8,13,16,45
2032,20,9,13,21,44
2033,20,9,13,22,44
2034,20,10,14,22,41
2035,20,10,14,24,41
2036,20,9,15,22,42
2037,20,9,15,25,44
2038,20,10,15,25,45
2039,20,11,16,21,44
2040,20,10,16,26,41
2041,20,9,16,27,41
2042,20,9,17,25,47
2043,20,10,17,27,47
2044,20,11,17,27,44
2045,20,13,17,28,42
2046,20,13,18,28,39
2047,20,12,18,28,39
2048,20,10,18,28,42
2049,20,10,19,27,45
2050,20,10,19,28,46
2051,20,11,19,28,44
2052,20,12,19,28,43
2053,20,12,20,27,35
2054,20,11,20,27,39
2055,20,9,20,28,42
2056,20,8,20,28,48
2057,20,9,20,28,51
2058,20,11,21,28,50
2059,20,12,21,27,43
2060,20,12,21,27,41
2061,20,11,21,26,40
2062,20,11,21,26,41
2063,20,9,22,24,41
2064,20,8,22,25,44
2065,20,9,22,25,48
2066,20,10,22,24,47
2067,20,11,22,24,40
2068,20,11,22,24,38
2069,20,11,22,24,38
2070,20,10,22,23,38
2071,20,8,23,22,40
2072,20,7,23,22,45
2073,20,7,23,21,46
2074,20,8,23,21,45
2075,20,9,23,20,43
2076,20,9,23,20,41
2077,20,9,23,20,40
2078,20,9,23,19,39
2079,20,7,23,19,38
2080,20,6,23,18,40
2081,20,6,23,18,44
2082,20,6,23,17,45
2083,20,7,23,17,44
2084,20,7,23,16,41
2085,20,7,23,16,39
2086,20,7,23,15,38
2087,20,5,23,15,38
2088,20,4,23,15,45
2089,20,4,23,14,46
2090,20,5,23,14,45
2091,20,6,23,13,42
2092,20,7,23,13,37
2093,20,6,23,12,37
2094,20,5,23,12,39
2095,20,3,22,15,42
2096,20,2,22,12,46
2097,20,3,22,12,50
2098,20,4,22,11,47
2099,20,6,22,11,44
2100,20,6,22,11,40
2101,20,5,22,10,38
2102,20,5,22,10,40
2103,20,3,22,10,40
2104,20,2,22,9,42
2105,20,2,22,9,46
2106,20,3,21,10,50
2107,20,5,21,9,45
2108,20,6,21,9,41
2109,20,4,21,9,37
2110,20,3,21,9,40
2111,20,3,21,9,42
2112,20,3,21,9,43
2113,20,4,21,9,43
2114,20,4,21,8,41
2115,20,4,21,8,40
2116,20,4,21,8,39
2117,20,3,21,8,40
2118,20,2,20,11,45
2119,20,3,20,9,46
2120,20,4,20,9,45
2121,20,4,20,9,42
2122,20,5,20,9,39
2123,20,5,20,9,38
2124,20,4,20,9,37
2125,20,3,20,9,39
2126,20,2,20,9,42
2127,20,2,20,9,45
2128,20,3,20,9,46
2129,20,4,20,9,43
2130,20,4,20,9,40
2131,20,5,20,9,40
2132,20,4,20,9,38
2133,20,3,20,9,39
2134,20,2,19,8,41
2135,20,2,19,9,45
2136,20,4,19,10,47
2137,20,5,19,10,42
2138,20,5,19,10,40
2139,20,5,19,10,40
2140,20,4,19,10,40
2141,20,3,19,10,42
2142,20,3,19,10,44
2143,20,4,19,11,45
2144,20,5,19,11,43
2145,20,5,19,11,41
2146,20,5,19,11,41
2147,20,5,19,11,40
2148,20,4,19,11,41
2149,20,3,19,11,44
2150,20,4,19,12,46
2151,20,5,19,12,45
2152,20,6,19,12,42
2153,20,6,20,12,39
2154,20,6,20,11,34
2155,20,4,20,11,37
2156,20,3,20,11,40
2157,20,2,20,11,44
2158,20,3,19,14,48
2159,20,5,19,12,49
2160,20,6,19,12,46
2161,20,7,19,13,42
2162,20,7,20,9,32
2163,20,6,20,12,36
2164,20,4,20,12,40
2165,20,3,20,12,43
2166,20,4,20,12,45
2167,20,4,20,12,44
2168,20,5,20,12,42
2169,20,6,20,12,40
2170,20,6,20,12,38
2171,20,4,20,12,39
2172,20,3,20,12,42
2173,20,4,20,12,46
2174,20,5,20,12,45
2175,20,6,20,12,43
2176,20,6,20,12,40
2177,20,6,20,12,39
2178,20,5,20,12,38
2179,20,4,20,12,39
2180,20,3,20,12,43
2181,20,4,20,12,46
2182,20,5,20,12,44
2183,20,6,20,12,40
2184,20,6,20,12,38
2185,20,5,20,12,38
2186,20,4,20,12,41
2187,20,3,20,12,45
2188,20,3,20,12,46
2189,20,4,20,12,46
2190,20,5,20,12,44
2191,20,6,20,12,41
2192,20,6,20,12,39
2193,20,6,20,12,38
2194,20,5,20,12,38
2195,20,4,20,12,42
2196,20,4,20,12,45
2197,20,5,20,12,45
2198,20,5,20,12,43
2199,20,6,20,12,41
2200,20,5,20,12,39
2201,20,5,20,12,42
2202,20,5,20,12,42
2203,20,5,20,12,42
2204,20,5,20,12,42
2205,20,4,20,12,43
2206,20,3,20,12,46
2207,20,4,20,12,46
2208,20,5,20,12,45
2209,20,6,20,12,41
2210,20,5,20,12,39
2211,20,4,20,12,42
2212,20,4,20,12,45
2213,20,5,20,12,45
2214,20,6,20,12,43
2215,20,6,20,12,40
2216,20,5,20,12,39
2217,20,4,20,12,42
2218,20,4,20,12,44
2219,20,4,20,12,45
2220,20,5,20,12,45
2221,20,6,20,12,44
2222,20,6,20,12,40
2223,20,6,20,12,39
2224,20,4,20,12,38
2225,20,3,20,12,42
2226,20,4,20,12,45
2227,20,5,20,12,44
2228,20,6,20,12,41
2229,20,6,20,12,39
2230,20,6,20,12,38
2231,20,5,20,12,38
2232,20,4,20,12,42
2233,20,3,20,12,45
2234,20,4,20,12,46
2235,20,5,20,12,45
2236,20,6,20,12,43
2237,20,6,20,12,40
2238,20,6,20,12,39
2239,20,6,20,12,38
2240,20,4,20,12,39
2241,20,3,20,12,42
2242,20,3,20,12,46
2243,20,4,20,12,46
2244,20,5,20,12,44
2245,20,6,20,12,41
2246,20,6,20,12,39
2247,20,5,20,12,38
2248,20,4,20,12,38
2249,20,3,20,12,42
2250,20,3,20,12,45
2251,20,4,20,12,46
2252,20,5,20,12,44
2253,20,6,20,12,41
2254,20,5,20,12,42
2255,20,5,20,12,42
2256,20,6,20,12,40
2257,20,6,20,12,39
2258,20,5,20,12,38
2259,20,4,20,12,40
2260,20,3,20,12,44
2261,20,3,20,12,46
2262,20,5,20,12,46
2263,20,6,20,12,44
2264,20,6,20,12,40
2265,20,6,20,12,39
2266,20,6,20,12,38
2267,20,4,20,12,38
2268,20,3,20,12,42
2269,20,3,20,12,45
2270,20,4,20,12,47
2271,20,5,20,12,46
2272,20,6,20,12,44
2273,20,6,20,12,39
2274,20,6,20,12,39
2275,20,5,20,12,38
2276,20,4,20,12,42
2277,20,3,20,12,46
2278,20,4,20,12,46
2279,20,5,20,12,45
2280,20,6,20,12,42
2281,20,6,20,12,39
2282,20,6,20,12,39
2283,20,5,20,12,38
2284,20,3,20,12,42
2285,20,3,20,12,45
2286,20,4,20,12,48
2287,20,5,20,12,46
2288,20,6,20,12,44
2289,20,7,20,12,40
2290,20,6,20,12,36
2291,20,5,20,12,37
2292,20,3,20,12,44
2293,20,2,20,12,48
2294,20,3,20,12,49
2295,20,5,20,12,46
2296,20,7,20,12,42
2297,20,7,20,12,37
2298,20,5,20,12,38
2299,20,4,20,12,41
2300,20,3,20,12,44
2301,20,2,20,12,49
2302,20,4,20,12,51
2303,20,5,20,12,48
2304,20,7,20,12,43
2305,20,7,20,12,38
2306,20,5,20,12,37
2307,32,4,20,12,41
2308,32,4,20,16,47
2309,32,6,20,18,50
2310,32,8,20,20,50
2311,32,9,20,22,47
2312,32,10,20,23,46
2313,32,11,21,25,43
2314,32,12,21,26,42
2315,32,12,21,28,42
2316,32,12,21,29,43
2317,32,12,21,31,45
2318,32,12,22,31,42
2319,32,13,22,34,47
2320,32,13,22,35,47
2321,32,14,22,36,48
2322,32,15,23,38,46
2323,32,16,23,38,43
2324,32,17,23,40,44
2325,32,17,23,41,44
2326,32,17,24,40,45
2327,32,18,24,43,45
2328,32,18,24,44,45
2329,32,18,24,46,44
2330,32,19,25,46,45
2331,32,19,25,47,42
2332,32,19,25,48,43
2333,32,19,26,47,44
2334,32,20,26,49,43
2335,32,20,26,50,44
2336,32,20,27,50,42
2337,32,20,27,51,45
2338,32,21,27,52,45
2339,32,21,27,53,45
2340,32,21,28,53,44
2341,32,21,28,53,44
2342,32,22,28,54,43
2343,32,22,29,54,43
2344,32,22,29,54,42
2345,32,21,29,55,43
2346,32,21,29,55,45
2347,32,22,30,56,48
2348,32,22,30,55,45
2349,32,23,30,55,45
2350,32,23,30,56,43
2351,32,23,31,52,42
2352,32,22,31,55,39
2353,32,22,31,56,42
2354,32,22,31,56,44
2355,32,22,31,56,44
2356,32,22,32,55,43
2357,32,23,32,55,41
2358,32,22,32,55,42
2359,32,22,32,55,43
2360,32,22,32,55,43
2361,32,22,33,52,40
2362,32,21,33,54,42
2363,32,21,33,54,45
2364,32,21,33,54,45
2365,32,22,33,54,45
2366,32,22,33,54,43
2367,32,22,33,54,42
2368,32,22,34,54,42
2369,32,20,34,52,36
2370,32,19,34,52,44
2371,32,19,34,52,47
2372,32,20,34,52,47
2373,32,21,34,51,45
2374,32,21,34,51,43
2375,32,21,34,51,42
2376,32,21,34,51,42
2377,32,21,34,50,42
2378,32,21,34,50,40
2379,32,20,34,50,41
2380,32,18,34,49,43
2381,32,17,35,47,43
2382,32,17,34,45,55
2383,32,20,34,48,49
2384,32,20,34,48,44
2385,32,21,35,45,42
2386,32,20,35,47,38
2387,32,19,35,46,38
2388,32,17,35,46,42
2389,32,17,35,45,47
2390,32,18,35,45,47
2391,32,18,35,44,44
2392,32,18,35,44,42
2393,32,18,35,43,40
2394,32,18,35,43,39
2395,32,16,35,43,40
2396,32,15,34,47,44
2397,32,16,34,42,50
2398,32,17,34,42,47
2399,32,18,34,42,45
2400,32,18,34,42,40
2401,32,17,34,41,42
2402,32,17,34,41,42
2403,32,16,34,41,43
2404,32,17,34,40,43
2405,32,16,34,40,42
2406,32,16,34,40,43
2407,32,16,34,39,42
2408,32,16,34,39,42
2409,32,16,34,39,41
2410,32,15,34,39,41
2411,32,15,34,38,41
2412,32,15,34,38,42
2413,32,14,34,38,43
2414,32,15,34,37,45
2415,32,15,34,37,43
2416,32,15,34,37,42
2417,32,15,34,36,41
2418,32,15,34,36,40
2419,32,14,34,36,40
2420,32,13,33,37,44
2421,32,12,33,36,48
2422,32,12,33,36,51
2423,32,13,33,36,50
2424,32,15,33,36,47
2425,32,16,33,36,41
2426,32,16,33,35,40
2427,32,15,33,35,40
2428,32,14,33,35,40
2429,32,12,33,35,43
2430,32,12,33,35,48
2431,32,13,33,35,49
2432,32,14,33,34,47
2433,32,15,32,38,43
2434,32,14,33,35,41
2435,32,15,32,35,44
2436,32,15,32,35,43
2437,32,15,32,35,41
2438,32,15,32,35,40
2439,32,13,32,35,40
2440,32,11,32,35,44
2441,32,12,32,35,49
2442,32,14,32,35,50
2443,32,15,32,35,48
2444,32,16,32,35,41
2445,32,16,32,35,39
2446,32,15,32,35,38
2447,32,14,32,35,40
2448,32,12,32,35,45
2449,32,13,32,35,49
2450,32,14,32,35,48
2451,32,15,32,35,45
2452,32,15,32,35,41
2453,32,15,32,35,40
2454,32,15,32,35,40
2455,32,14,32,35,40
2456,32,14,32,35,43
2457,32,14,32,35,44
2458,32,14,32,35,44
2459,32,14,32,35,43
2460,32,15,32,35,43
2461,32,15,32,35,42
2462,32,13,32,33,39
2463,32,12,31,36,40
2464,32,13,31,36,48
2465,32,14,31,36,48
2466,32,15,31,36,45
2467,32,16,31,36,42
2468,32,16,31,37,40
2469,32,14,31,37,41
2470,32,13,31,37,45
2471,32,14,31,37,48
2472,32,15,31,37,47
2473,32,15,31,37,44
2474,32,16,31,38,42
2475,32,16,31,38,41
2476,32,16,31,38,41
2477,32,16,31,38,41
2478,32,15,31,38,41
2479,32,15,31,39,39
2480,32,15,32,38,42
2481,32,15,31,39,39
2482,32,14,31,39,43
2483,32,15,31,39,46
2484,32,15,31,39,44
2485,32,16,31,39,43
2486,32,16,31,39,42
2487,32,16,32,38,40
2488,32,16,32,39,41
2489,32,16,32,39,41
2490,32,15,32,39,41
2491,32,15,32,39,43
2492,32,15,32,39,43
2493,32,15,32,39,43
2494,32,15,32,39,43
2495,32,16,32,39,43
2496,32,16,32,39,41
2497,32,16,32,39,40
2498,32,15,32,39,41
2499,32,15,32,39,42
2500,32,15,32,39,43
2501,32,15,32,39,43
2502,32,15,32,39,43
2503,32,15,32,39,43
2504,32,15,32,39,43
2505,32,16,32,39,43
2506,32,16,32,39,41
2507,32,16,32,39,41
2508,32,16,32,39,41
2509,32,15,32,39,42
2510,32,15,32,39,43
2511,32,15,32,39,43
2512,32,15,32,39,43
2513,32,15,32,39,43
2514,32,15,32,39,43
2515,32,16,32,39,43
2516,32,16,32,39,41
2517,32,15,32,39,41
2518,32,15,32,39,42
2519,32,15,32,39,43
2520,32,15,32,39,43
2521,32,16,32,39,43
2522,32,16,32,39,42
2523,32,16,32,39,41
2524,32,14,32,39,41
2525,32,13,32,39,46
2526,32,14,32,39,50
2527,32,16,32,39,49
2528,32,16,32,39,44
2529,32,17,32,39,43
2530,32,17,32,39,40
2531,32,16,32,39,40
2532,32,15,32,39,41
2533,32,14,32,39,42
2534,32,14,32,39,45
2535,32,14,32,39,48
2536,32,16,32,39,45
2537,32,16,32,39,43
2538,32,17,32,39,41
2539,32,16,32,39,40
2540,32,16,32,39,41
2541,32,16,32,39,41
2542,32,14,32,39,44
2543,32,14,32,39,48
2544,32,15,32,39,48
2545,32,16,32,39,45
2546,32,16,32,39,43
2547,32,17,32,39,42
2548,32,17,32,39,40
2549,32,16,32,39,40
2550,32,16,32,39,41
2551,32,14,32,39,42
2552,32,13,32,39,48
2553,32,14,32,39,50
2554,32,16,32,39,48
2555,32,17,32,39,44
2556,32,17,32,39,42
2557,32,16,32,39,41
2558,32,14,32,39,41
2559,32,14,32,39,45
2560,32,15,32,39,48
2561,32,16,32,39,45
2562,32,16,32,39,43
2563,32,17,32,39,41
2564,32,17,32,39,40
2565,32,16,32,39,40
2566,32,16,32,39,41
2567,32,15,32,39,42
2568,32,15,32,39,43
2569,32,15,32,39,43
2570,32,15,32,39,43
2571,32,16,32,39,44
2572,32,16,32,39,42
2573,32,16,32,39,41
2574,32,16,32,39,41
2575,32,15,32,39,41
2576,32,13,32,39,43
2577,32,14,32,39,49
2578,32,15,32,39,50
2579,32,16,32,39,47
2580,32,17,32,39,44
2581,32,17,32,39,42
2582,32,16,32,39,40
2583,32,16,32,39,40
2584,32,16,32,39,41
2585,32,16,32,39,41
2586,32,15,32,39,41
2587,32,13,32,39,46
2588,32,14,32,39,49
2589,32,15,32,39,48
2590,32,16,32,39,44
2591,32,17,32,39,43
2592,32,17,32,39,40
2593,32,16,32,39,40
2594,32,16,32,39,41
2595,8,15,32,31,35
2596,8,13,32,28,33
2597,8,11,32,24,32
2598,8,10,32,21,31
2599,8,8,32,17,32
2600,8,6,32,13,31
2601,8,5,31,11,30
2602,8,3,31,7,31
2603,8,2,31,3,31
2604,8,1,30,2,30
2605,8,0,29,1,34
2606,8,0,27,1,34
2607,8,0,25,0,33
2608,8,0,24,0,34
2609,8,0,22,2,33
2610,8,0,21,0,34
2611,8,0,19,1,33
2612,8,0,18,0,37
2613,8,0,16,3,34
2614,8,0,15,0,35
2615,8,0,14,0,39
2616,8,0,12,2,36
2617,8,0,11,2,36
2618,8,0,10,3,36
2619,8,0,9,4,36
2620,8,0,8,2,37
2621,8,0,7,3,38
2622,8,0,6,7,39
2623,8,1,5,3,42
2624,8,2,5,4,42
2625,8,2,6,0,38
2626,8,1,6,4,37
2627,8,1,6,5,40
2628,8,0,5,5,43
2629,8,0,5,6,46
2630,8,2,4,7,46
2631,8,3,5,5,42
2632,8,4,5,8,38
2633,8,3,6,3,39
2634,8,3,6,8,39
2635,8,2,7,3,41
2636,8,1,7,7,45
2637,8,2,7,8,46
2638,8,4,7,8,43
2639,8,4,8,5,40
2640,8,4,8,7,37
2641,8,4,8,7,38
2642,8,2,9,6,35
2643,8,1,9,6,40
2644,8,1,9,6,44
2645,8,1,8,11,45
2646,8,3,8,7,52
2647,8,5,9,7,39
2648,8,5,9,6,35
2649,8,4,9,6,35
2650,8,2,10,0,37
2651,8,1,10,5,40
2652,8,0,10,4,43
2653,8,1,9,5,49
2654,8,3,9,5,42
2655,8,4,9,4,37
2656,8,3,9,4,34
2657,8,2,10,2,36
2658,8,1,10,3,39
2659,8,0,9,4,40
2660,8,0,8,6,44
2661,8,2,7,9,46
2662,8,3,7,5,45
2663,8,4,8,4,36
2664,8,2,8,4,34
2665,8,1,9,1,36
2666,8,0,8,3,35
2667,8,0,8,4,44
2668,8,0,7,6,47
2669,8,2,6,6,46
2670,8,4,7,3,40
2671,8,4,7,5,36
2672,8,3,7,6,36
2673,8,2,8,4,36
2674,8,1,8,5,42
2675,8,0,7,8,43
2676,8,1,7,6,48
2677,8,3,6,7,49
2678,8,4,7,5,42
2679,8,5,7,7,38
2680,8,3,8,4,36
2681,8,2,8,6,36
2682,8,1,8,6,42
2683,8,0,8,6,45
2684,8,2,7,10,48
2685,8,4,8,5,47
2686,8,5,8,6,39
2687,8,4,8,6,36
2688,8,2,9,5,38
2689,8,1,9,5,41
2690,8,0,9,5,44
2691,8,1,8,8,47
2692,8,2,8,6,45
2693,8,4,8,6,40
2694,8,4,9,3,37
2695,8,3,9,5,36
2696,8,1,9,5,39
2697,8,1,9,4,43
2698,8,0,9,4,45
2699,8,2,8,5,48
2700,8,4,8,2,48
2701,8,5,8,5,38
2702,8,4,8,5,34
2703,8,3,9,4,35
2704,8,1,9,4,37
2705,8,0,9,4,40
2706,8,0,8,4,43
2707,8,2,8,5,48
2708,8,3,8,4,43
2709,8,4,8,4,38
2710,8,2,9,0,36
2711,8,1,9,4,38
2712,8,1,9,4,40
2713,8,0,8,5,43
2714,8,0,8,4,44
2715,8,2,7,5,44
2716,8,3,7,5,40
2717,8,3,7,5,38
2718,8,2,8,4,34
2719,8,1,8,5,39
2720,8,1,8,5,42
2721,8,1,8,5,43
2722,8,2,8,5,42
2723,8,3,8,5,39
2724,8,2,8,5,36
2725,8,2,8,5,38
2726,8,1,9,4,34
2727,8,1,8,6,41
2728,8,1,7,4,44
2729,8,3,7,5,48
2730,8,4,8,2,40
2731,8,3,8,5,34
2732,8,1,8,5,35
2733,8,1,8,7,45
2734,8,1,8,5,43
2735,8,1,7,5,45
2736,8,2,7,6,45
2737,8,3,7,6,41
2738,8,4,8,6,37
2739,8,3,8,5,36
2740,8,1,8,5,39
2741,8,1,8,5,43
2742,8,1,8,5,44
2743,8,1,8,5,45
2744,8,3,7,6,49
2745,8,4,8,1,42
2746,8,5,8,5,36
2747,8,3,8,5,35
2748,8,2,9,4,33
2749,8,1,9,4,39
2750,8,0,9,4,43
2751,8,2,8,5,48
2752,8,3,8,5,44
2753,8,4,8,5,39
2754,8,3,8,5,36
2755,8,1,9,4,39
2756,8,1,9,4,42
2757,8,0,9,4,44
2758,8,1,8,5,47
2759,8,2,7,6,45
2760,8,4,8,0,39
2761,8,4,8,5,35
2762,8,3,8,5,35
2763,8,1,9,3,34
2764,8,1,9,4,40
2765,8,0,8,5,46
2766,8,2,7,8,44
2767,8,3,7,5,42
2768,8,3,8,4,32
2769,8,2,8,5,35
2770,8,1,8,5,37
2771,8,1,8,5,41
2772,8,2,8,5,42
2773,8,2,7,6,41
2774,8,1,8,5,40
2775,8,1,8,5,41
2776,8,1,7,7,43
2777,8,2,7,6,46
2778,8,3,8,4,43
2779,8,4,8,5,37
2780,8,3,8,5,36
2781,8,1,9,4,39
2782,8,1,9,4,42
2783,8,2,9,4,42
2784,8,3,8,5,40
2785,8,2,9,3,34
2786,8,1,9,4,38
2787,8,1,9,4,41
2788,8,0,8,5,49
2789,8,2,7,6,45
2790,8,3,8,2,42
2791,8,4,8,4,36
2792,8,2,8,4,35
2793,8,1,9,0,38
2794,8,1,9,4,40
2795,8,0,8,4,48
2796,8,2,8,4,45
2797,8,3,8,4,42
2798,8,3,8,4,37
2799,8,2,9,4,36
2800,8,1,9,3,35
2801,8,1,8,5,41
2802,8,2,8,4,42
2803,8,2,8,4,39
2804,8,2,8,4,39
2805,8,2,8,4,39
2806,8,1,9,0,40
2807,8,1,8,5,46
2808,8,2,8,4,42
2809,8,3,8,4,39
2810,8,2,8,4,36
2811,8,1,9,3,37
2812,8,1,9,3,41
2813,8,0,8,4,44
2814,8,1,7,5,45
2815,8,2,7,4,43
2816,8,3,7,5,40
2817,8,3,7,5,37
2818,8,2,8,4,31
2819,8,1,8,4,39
2820,8,0,7,4,41
2821,8,1,7,5,50
2822,8,3,7,3,46
2823,8,4,7,5,39
2824,8,3,7,6,37
2825,8,1,8,3,37
2826,8,1,8,5,43
2827,8,1,8,5,44
2828,8,2,7,6,44
2829,8,3,7,6,40
2830,8,4,8,5,36
2831,8,3,8,5,36
2832,8,1,9,3,38
2833,8,0,9,4,41
2834,8,1,8,5,48
2835,8,3,8,5,43
2836,8,4,8,5,39
2837,8,3,9,3,36
2838,8,2,9,4,35
2839,8,1,9,4,38
2840,8,1,9,4,42
2841,8,1,8,5,42
2842,8,2,8,5,43
2843,8,3,9,2,40
2844,8,1,9,4,33
2845,8,1,9,4,39
2846,8,0,8,6,41
2847,8,1,7,9,51
2848,8,3,7,5,43
2849,8,4,7,5,37
2850,8,4,8,3,30
2851,8,2,8,5,35
2852,8,1,8,5,39
2853,8,0,8,7,39
2854,8,0,7,5,44
2855,8,2,7,5,46
2856,8,3,7,5,42
2857,8,3,7,6,38
2858,8,3,8,3,37
2859,8,2,8,5,36
2860,8,1,8,5,38
2861,8,1,8,5,43
2862,8,2,8,5,44
2863,8,3,8,5,41
2864,8,2,8,5,37
2865,8,1,9,5,38
2866,8,1,8,6,35
2867,8,0,8,5,44
2868,8,1,7,7,47
2869,8,3,7,6,41
2870,8,4,7,6,37
2871,8,3,8,4,32
2872,8,2,8,5,38
2873,8,1,8,5,42
2874,8,0,8,5,45
2875,8,2,7,7,50
2876,8,4,7,6,44
2877,8,4,8,3,39
2878,8,3,8,6,37
2879,8,2,8,6,37
2880,8,1,9,5,38
2881,8,0,8,7,43
2882,20,2,8,9,50
2883,20,4,8,11,50
2884,20,5,8,13,48
2885,20,6,8,15,47
2886,20,7,9,16,41
2887,20,6,9,18,41
2888,20,5,10,18,44
2889,20,6,10,20,51
2890,20,8,11,19,46
2891,20,10,11,22,46
2892,20,11,12,20,41
2893,20,10,12,24,40
2894,20,9,13,20,44
2895,20,9,13,26,49
2896,20,10,14,27,51
2897,20,11,14,27,47
2898,20,12,14,28,44
2899,20,13,15,28,36
2900,20,11,15,29,40
2901,20,10,16,24,43
2902,20,10,16,29,48
2903,20,11,16,30,49
2904,20,12,17,29,48
2905,20,14,17,30,45
2906,20,14,17,31,42
2907,20,14,18,30,40
2908,20,13,18,31,38
2909,20,13,18,31,41
2910,20,13,19,30,41
2911,20,12,19,31,41
2912,20,11,19,31,44
2913,20,10,19,31,49
2914,20,11,20,30,47
2915,20,12,20,30,45
2916,20,13,20,30,43
2917,20,13,20,30,42
2918,20,13,21,29,38
2919,20,12,21,29,40
2920,20,11,21,29,42
2921,20,11,21,29,44
2922,20,11,22,24,43
2923,20,11,22,28,42
2924,20,12,22,28,41
2925,20,12,22,27,40
2926,20,10,22,27,39
2927,20,9,22,27,41
2928,20,9,22,26,46
2929,20,10,22,26,47
2930,20,11,23,25,46
2931,20,11,23,24,40
2932,20,10,23,24,39
2933,20,9,23,24,41
2934,20,7,23,23,45
2935,20,7,23,23,48
2936,20,8,23,22,47
2937,20,9,23,22,45
2938,20,10,23,21,41
2939,20,10,23,21,39
2940,20,10,23,20,37
2941,20,8,23,20,38
2942,20,7,23,20,41
2943,20,6,23,19,43
2944,20,4,23,19,47
2945,20,5,23,18,51
2946,20,7,23,18,49
2947,20,9,23,17,43
2948,20,9,23,17,40
2949,20,9,23,17,37
2950,20,7,23,16,37
2951,20,6,23,16,38
2952,20,5,23,15,41
2953,20,5,23,15,44
2954,20,6,23,14,45
2955,20,6,23,14,42
2956,20,7,23,13,37
2957,20,6,23,13,37
2958,20,4,23,12,40
2959,20,4,23,12,43
2960,20,3,23,12,44
2961,20,2,23,11,48
2962,20,4,23,11,48
2963,20,5,22,11,47
2964,20,6,22,11,41
2965,20,7,22,10,37
2966,20,6,22,10,34
2967,20,4,22,10,36
2968,20,3,22,9,39
2969,20,2,22,9,42
2970,20,1,22,9,47
2971,20,3,21,10,50
2972,20,4,21,9,47
2973,20,5,21,9,42
2974,20,6,21,9,39
2975,20,5,21,9,37
2976,20,4,21,9,38
2977,20,2,21,8,42
2978,20,2,20,8,45
2979,20,3,20,9,45
2980,20,4,20,9,42
2981,20,4,20,9,41
2982,20,5,20,9,39
2983,20,3,20,9,39
2984,20,2,20,9,42
2985,20,2,20,9,46
2986,20,4,20,9,45
2987,20,4,20,9,42
2988,20,5,20,9,40
2989,20,5,20,9,38
2990,20,3,20,9,39
2991,20,2,20,9,41
2992,20,3,20,9,43
2993,20,4,20,9,43
2994,20,4,20,9,42
2995,20,5,20,9,40
2996,20,4,20,9,39
2997,20,3,20,9,38
2998,20,2,20,9,45
2999,20,3,20,9,45
3000,20,4,20,9,42
3001,20,5,19,7,42
3002,20,5,19,6,37
3003,20,4,20,6,42
3004,20,3,20,8,40
3005,20,3,19,10,44
3006,20,3,19,10,44
3007,20,4,19,10,43
3008,20,5,19,10,43
3009,20,5,19,11,41
3010,20,5,19,11,40
3011,20,5,19,11,40
3012,20,4,19,12,40
3013,20,3,20,10,44
3014,20,4,19,11,45
3015,20,5,19,11,44
3016,20,6,19,11,43
3017,20,6,20,8,39
3018,20,5,20,11,34
3019,20,4,20,11,41
3020,20,3,20,11,44
3021,20,1,20,11,48
3022,20,2,19,12,52
3023,20,5,19,12,49
3024,20,6,19,12,44
3025,20,7,19,12,39
3026,20,7,19,12,37
3027,20,6,19,12,37
3028,20,4,19,13,41
3029,20,3,20,12,44
3030,20,4,20,13,47
3031,20,5,19,13,43
3032,20,6,20,8,44
3033,20,7,20,12,42
3034,20,7,20,12,38
3035,20,6,20,12,35
3036,20,4,20,12,37
3037,20,3,20,12,42
3038,20,4,20,12,44
3039,20,5,20,12,44
3040,20,5,20,12,44
3041,20,6,20,12,39
3042,20,5,20,12,39
3043,20,5,20,12,42
3044,20,5,20,12,42
3045,20,5,20,12,42
3046,20,5,20,12,42
3047,20,6,20,12,39
3048,20,5,20,12,38
3049,20,4,20,12,41
3050,20,3,20,12,45
3051,20,4,20,12,46
3052,20,5,20,12,45
3053,20,6,20,12,42
3054,20,6,20,12,39
3055,20,5,20,12,39
3056,20,4,20,12,40
3057,20,4,20,12,44
3058,20,5,20,12,45
3059,20,6,20,12,44
3060,20,6,20,12,41
3061,20,6,20,12,39
3062,20,4,20,12,41
3063,20,4,20,12,44
3064,20,4,20,12,44
3065,20,5,20,12,45
3066,20,6,20,12,43
3067,20,6,20,12,39
3068,20,6,20,12,39
3069,20,4,20,12,40
3070,20,3,20,12,44
3071,20,4,20,12,45
3072,20,5,20,12,45
3073,20,6,20,12,42
3074,20,7,20,12,40
3075,20,6,20,12,36
3076,20,5,20,12,37
3077,20,3,20,12,41
3078,20,2,20,12,44
3079,20,2,20,12,47
3080,20,4,20,12,51
3081,20,5,20,12,50
3082,20,7,20,12,46
3083,20,7,20,12,37
3084,20,7,20,12,36
3085,20,5,20,12,39
3086,20,4,20,12,43
3087,20,4,20,12,45
3088,20,5,20,12,44
3089,20,6,20,12,42
3090,20,6,20,12,39
3091,20,5,20,12,39
3092,20,4,20,12,42
3093,20,4,20,12,44
3094,20,5,20,12,45
3095,20,6,20,12,43
3096,20,6,20,12,40
3097,20,6,20,12,39
3098,20,5,20,12,39
3099,20,5,20,12,41
3100,20,5,20,12,42
3101,20,5,20,12,42
3102,20,4,20,12,42
3103,20,3,20,12,43
3104,20,4,20,12,46
3105,20,5,20,12,44
3106,20,6,20,12,40
3107,20,7,20,12,38
3108,20,6,20,12,37
3109,20,4,20,12,41
3110,20,4,20,12,44
3111,20,4,20,12,45
3112,20,5,20,12,44
3113,20,6,20,12,42
3114,20,6,20,12,39
3115,20,5,20,12,39
3116,20,4,20,12,41
3117,20,4,20,12,44
3118,20,5,20,12,45
3119,20,6,20,12,44
3120,20,6,20,12,41
3121,20,6,20,12,39
3122,20,4,20,12,39
3123,20,4,20,12,42
3124,20,4,20,12,45
3125,20,5,20,12,45
3126,20,6,20,12,43
3127,20,6,20,12,40
3128,20,5,20,12,39
3129,20,4,20,12,42
3130,20,4,20,12,45
3131,20,3,20,12,47
3132,20,4,20,12,48
3133,20,5,20,12,47
3134,20,7,20,12,43
3135,20,7,20,12,39
3136,20,7,20,12,37
3137,20,5,20,12,37
3138,20,4,20,12,41
3139,20,4,20,12,44
3140,20,5,20,12,45
3141,20,6,20,12,43
3142,20,6,20,12,41
3143,20,6,20,12,39
3144,20,4,20,12,38
3145,20,4,20,12,42
3146,20,4,20,12,45
3147,20,5,20,12,44
3148,20,6,20,12,43
3149,20,6,20,12,40
3150,20,6,20,12,38
3151,20,6,20,12,38
3152,20,4,20,12,40
3153,20,3,20,12,43
3154,20,4,20,12,45
3155,20,5,20,12,45
3156,20,6,20,12,43
3157,20,6,20,12,39
3158,20,5,20,12,39
3159,20,4,20,12,40
3160,20,4,20,12,44
3161,20,5,20,12,44
3162,20,5,20,12,44
3163,20,6,20,12,42
3164,20,6,20,12,39
3165,20,5,20,12,39
3166,20,4,20,12,41
3167,20,4,20,12,45
3168,32,5,20,15,47
3169,32,6,20,17,47
3170,32,8,20,19,45
3171,32,9,21,15,44
3172,32,9,21,22,43
3173,32,9,21,23,43
3174,32,10,21,25,44
3175,32,11,21,27,45
3176,32,11,21,28,44
3177,32,12,22,27,45
3178,32,12,22,31,43
3179,32,13,22,32,45
3180,32,14,22,34,45
3181,32,14,22,35,46
3182,32,15,23,35,45
3183,32,15,23,37,43
3184,32,16,23,39,43
3185,32,16,23,40,43
3186,32,16,24,39,44
3187,32,17,24,42,44
3188,32,17,24,43,45
3189,32,18,24,44,46
3190,32,18,25,45,43
3191,32,19,25,46,43
3192,32,19,25,47,42
3193,32,19,26,43,43
3194,32,19,26,48,43
3195,32,19,26,49,44
3196,32,20,26,50,46
3197,32,20,27,50,40
3198,32,19,27,51,44
3199,32,20,27,52,45
3200,32,21,28,52,46
3201,32,21,28,52,42
3202,32,21,28,53,44
3203,32,22,28,53,45
3204,32,22,29,52,44
3205,32,22,29,54,42
3206,32,22,29,54,42
3207,32,22,29,55,44
3208,32,22,30,54,43
3209,32,21,30,55,43
3210,32,21,30,55,47
3211,32,22,30,55,47
3212,32,22,31,55,42
3213,32,22,31,55,44
3214,32,22,31,55,44
3215,32,23,31,55,42
3216,32,22,32,50,40
3217,32,21,32,55,42
3218,32,19,32,55,47
3219,32,20,32,55,51
3220,32,21,32,55,50
3221,32,22,32,55,48
3222,32,23,32,55,44
3223,32,23,33,53,42
3224,32,23,33,54,40
3225,32,21,33,54,40
3226,32,19,33,54,43
3227,32,19,33,53,47
3228,32,20,33,53,49
3229,32,22,33,53,47
3230,32,23,33,53,44
3231,32,22,34,48,41
3232,32,22,34,52,39
3233,32,21,34,52,40
3234,32,19,34,51,44
3235,32,18,34,51,49
3236,32,19,34,51,49
3237,32,20,34,50,47
3238,32,21,34,50,45
3239,32,21,34,50,43
3240,32,21,34,49,42
3241,32,21,34,49,41
3242,32,19,34,49,41
3243,32,18,34,49,44
3244,32,18,34,48,48
3245,32,20,34,48,47
3246,32,20,34,48,44
3247,32,20,35,48,42
3248,32,20,35,46,39
3249,32,19,35,46,38
3250,32,17,35,45,41
3251,32,16,35,45,46
3252,32,17,35,44,48
3253,32,18,34,47,46
3254,32,18,35,41,44
3255,32,19,35,43,36
3256,32,17,35,43,38
3257,32,16,34,44,49
3258,32,16,34,43,47
3259,32,17,34,42,46
3260,32,17,34,42,44
3261,32,18,34,42,43
3262,32,18,34,42,40
3263,32,16,34,41,40
3264,32,15,34,41,44
3265,32,16,34,41,46
3266,32,16,34,40,46
3267,32,17,34,40,44
3268,32,17,34,40,42
3269,32,17,34,39,41
3270,32,16,34,39,40
3271,32,14,34,39,43
3272,32,14,34,39,48
3273,32,14,34,38,47
3274,32,16,34,38,45
3275,32,16,34,38,42
3276,32,16,34,37,41
3277,32,16,34,37,40
3278,32,15,34,37,40
3279,32,13,34,37,42
3280,32,13,34,36,47
3281,32,14,33,41,48
3282,32,15,33,36,46
3283,32,15,33,36,42
3284,32,16,33,36,40
3285,32,15,33,36,39
3286,32,13,33,36,40
3287,32,12,33,36,44
3288,32,13,33,36,49
3289,32,15,33,35,49
3290,32,15,33,35,45
3291,32,15,33,35,40
3292,32,15,33,35,39
3293,32,14,33,35,39
3294,32,12,33,35,44
3295,32,12,33,34,47
3296,32,13,33,34,46
3297,32,15,33,34,44
3298,32,14,33,34,39
3299,32,14,32,36,40
3300,32,13,32,36,44
3301,32,12,32,35,45
3302,32,12,32,35,50
3303,32,13,32,35,51
3304,32,15,32,35,48
3305,32,16,32,35,43
3306,32,16,32,35,40
3307,32,15,32,35,38
3308,32,13,32,35,38
3309,32,12,32,35,42
3310,32,13,32,35,47
3311,32,14,32,35,45
3312,32,15,32,35,42
3313,32,15,32,35,40
3314,32,15,32,35,39
3315,32,13,32,35,40
3316,32,12,32,35,45
3317,32,12,32,35,48
3318,32,13,32,35,48
3319,32,14,32,35,46
3320,32,15,32,35,42
3321,32,15,32,35,40
3322,32,14,32,35,39
3323,32,13,32,35,40
3324,32,12,32,35,46
3325,32,13,32,37,48
3326,32,14,31,36,46
3327,32,15,31,35,46
3328,32,15,31,36,43
3329,32,16,31,36,41
3330,32,15,31,36,39
3331,32,13,31,36,44
3332,32,13,31,36,48
3333,32,14,31,36,47
3334,32,15,31,37,44
3335,32,15,31,37,43
3336,32,16,31,37,41
3337,32,15,31,37,40
3338,32,14,31,37,41
3339,32,13,31,37,45
3340,32,14,31,37,50
3341,32,14,31,38,49
3342,32,16,31,38,46
3343,32,16,31,38,43
3344,32,17,31,38,41
3345,32,16,31,38,40
3346,32,14,31,38,41
3347,32,14,31,39,46
3348,32,15,31,40,51
3349,32,16,31,42,47
3350,32,18,32,39,48
3351,32,18,32,38,36
3352,32,17,32,38,37
3353,32,15,32,38,40
3354,32,14,32,38,44
3355,32,14,32,38,46
3356,32,15,32,38,46
3357,32,15,32,38,43
3358,32,16,32,38,42
3359,32,16,32,38,41
3360,32,16,32,38,41
3361,32,15,32,38,41
3362,32,15,32,38,42
3363,32,15,32,38,42
3364,32,15,32,38,42
3365,32,15,32,38,42
3366,32,16,32,38,42
3367,32,15,32,38,41
3368,32,15,32,38,42
3369,32,15,32,38,42
3370,32,15,32,38,42
3371,32,15,32,38,42
3372,32,15,32,38,43
3373,32,15,32,38,42
3374,32,15,32,38,42
3375,32,15,32,38,42
3376,32,15,32,38,42
3377,32,15,32,38,42
3378,32,15,32,38,42
3379,32,15,32,38,43
3380,32,15,32,38,43
3381,32,16,32,38,42
3382,32,15,32,38,42
3383,32,15,32,38,42
3384,32,15,32,38,42
3385,32,16,32,38,42
3386,32,15,32,38,42
3387,32,16,32,38,42
3388,32,15,32,38,41
3389,32,14,32,38,41
3390,32,13,32,38,43
3391,32,14,32,38,49
3392,32,15,32,38,47
3393,32,16,32,38,44
3394,32,16,32,38,42
3395,32,16,32,38,42
3396,32,17,32,38,40
3397,32,16,32,38,40
3398,32,15,32,38,40
3399,32,14,32,38,41
3400,32,13,32,38,45
3401,32,13,32,38,51
3402,32,14,32,38,51
3403,32,16,32,38,47
3404,32,17,32,38,44
3405,32,17,32,38,41
3406,32,17,32,38,40
3407,32,15,32,38,40
3408,32,13,32,38,42
3409,32,13,32,38,47
3410,32,15,32,38,51
3411,32,16,32,38,48
3412,32,17,32,38,44
3413,32,17,32,38,41
3414,32,16,32,38,41
3415,32,16,32,38,41
3416,32,15,32,38,43
3417,32,16,32,38,43
3418,32,15,32,38,42
3419,32,16,32,38,42
3420,32,15,32,38,41
3421,32,15,32,38,42
3422,32,15,32,38,42
3423,32,15,32,38,42
3424,32,15,32,38,42
3425,32,15,32,38,42
3426,32,16,32,38,41
3427,32,15,32,38,41
3428,32,14,32,38,41
3429,32,13,32,38,45
3430,32,14,32,38,50
3431,32,15,32,38,49
3432,32,16,32,38,46
3433,32,17,32,38,43
3434,32,17,32,38,39
3435,32,15,32,38,41
3436,32,14,32,38,44
3437,32,13,32,38,49
3438,32,15,32,38,49
3439,32,16,32,38,45
3440,32,16,32,38,42
3441,32,16,32,38,42
3442,32,16,32,38,42
3443,32,16,32,38,41
3444,32,16,32,38,41
3445,32,16,32,38,41
3446,32,16,32,38,40
3447,32,15,32,38,40
3448,32,13,32,38,42
3449,32,13,32,38,48
3450,32,14,32,38,51
3451,32,16,32,38,49
3452,32,16,32,38,44
3453,32,17,32,38,41
3454,8,15,32,33,35
3455,8,14,32,29,32
3456,8,13,32,25,31
3457,8,11,32,22,30
3458,8,9,32,18,29
3459,8,7,32,15,29
3460,8,6,31,14,34
3461,8,4,31,8,30
3462,8,3,31,5,29
3463,8,1,30,2,29
3464,8,0,30,0,30
3465,8,0,28,1,37
3466,8,0,27,0,33
3467,8,0,25,3,36
3468,8,0,23,0,33
3469,8,0,22,3,33
3470,8,0,20,1,33
3471,8,0,19,0,35
3472,8,0,17,0,34
3473,8,0,16,3,38
3474,8,0,15,0,35
3475,8,0,13,2,34
3476,8,0,12,3,36
3477,8,0,11,2,37
3478,8,0,10,1,37
3479,8,0,9,1,38
3480,8,1,8,2,40
3481,8,0,7,4,44
3482,8,1,6,6,40
3483,8,2,6,3,39
3484,8,2,6,3,37
3485,8,1,6,4,37
3486,8,1,6,3,37
3487,8,0,6,4,41
3488,8,0,5,6,43
3489,8,2,4,11,46
3490,8,3,4,7,45
3491,8,4,5,7,38
3492,8,2,5,7,38
3493,8,1,6,7,38
3494,8,1,6,7,44
3495,8,1,6,8,47
3496,8,3,6,7,50
3497,8,4,6,8,42
3498,8,5,6,8,39
3499,8,5,7,8,37
3500,8,4,8,6,37
3501,8,3,8,7,38
3502,8,2,8,7,42
3503,8,1,9,6,41
3504,8,2,9,7,46
3505,8,3,9,6,43
3506,8,4,9,6,40
3507,8,4,9,6,37
3508,8,3,10,5,37
3509,8,2,10,5,37
3510,8,1,10,5,40
3511,8,1,10,4,43
3512,8,2,9,5,46
3513,8,3,9,5,42
3514,8,3,10,3,38
3515,8,3,10,4,35
3516,8,1,10,3,35
3517,8,1,10,3,40
3518,8,1,10,3,40
3519,8,0,9,3,43
3520,8,1,8,5,46
3521,8,3,8,4,39
3522,8,3,9,0,35
3523,8,1,9,3,36
3524,8,1,9,3,39
3525,8,0,8,5,40
3526,8,1,8,3,44
3527,8,2,7,4,46
3528,8,4,7,4,39
3529,8,3,8,3,31
3530,8,1,8,4,35
3531,8,1,8,4,39
3532,8,0,7,4,41
3533,8,2,7,4,49
3534,8,3,7,5,43
3535,8,4,7,5,38
3536,8,2,8,1,34
3537,8,1,8,4,38
3538,8,1,8,4,41
3539,8,1,7,5,44
3540,8,1,6,9,47
3541,8,3,6,6,42
3542,8,4,7,5,37
3543,8,3,7,6,36
3544,8,1,8,4,36
3545,8,1,8,5,42
3546,8,1,7,10,43
3547,8,2,7,6,45
3548,8,3,7,6,41
3549,8,3,8,4,39
3550,8,1,8,6,37
3551,8,1,8,6,42
3552,8,1,8,6,45
3553,8,3,8,6,45
3554,8,4,8,6,41
3555,8,3,8,6,37
3556,8,2,9,5,36
3557,8,1,9,5,38
3558,8,1,9,5,42
3559,8,1,9,4,44
3560,8,2,8,5,44
3561,8,3,8,5,39
3562,8,3,8,5,36
3563,8,2,9,4,37
3564,8,1,9,4,41
3565,8,1,9,4,43
3566,8,1,8,5,51
3567,8,3,8,5,44
3568,8,4,8,5,38
3569,8,3,8,5,35
3570,8,2,9,3,32
3571,8,1,9,4,39
3572,8,0,8,6,42
3573,8,1,8,4,46
3574,8,2,7,5,49
3575,8,4,8,5,41
3576,8,4,8,4,33
3577,8,2,8,4,34
3578,8,1,9,3,37
3579,8,0,8,6,40
3580,8,1,8,4,47
3581,8,2,7,5,44
3582,8,4,8,4,42
3583,8,3,8,4,36
3584,8,2,8,4,35
3585,8,1,8,2,39
3586,8,0,8,4,44
3587,8,1,7,6,49
3588,8,1,7,5,45
3589,8,3,7,5,42
3590,8,3,8,3,39
3591,8,4,8,5,36
3592,8,2,8,5,36
3593,8,1,9,4,34
3594,8,1,9,4,41
3595,8,0,8,5,45
3596,8,2,7,6,51
3597,8,4,7,6,43
3598,8,4,7,6,38
3599,8,3,8,5,32
3600,8,2,8,5,36
3601,8,1,9,0,40
3602,8,0,8,6,42
3603,8,1,7,8,46
3604,8,3,7,6,48
3605,8,4,8,5,41
3606,8,3,8,5,36
3607,8,2,9,5,36
3608,8,1,9,4,38
3609,8,1,8,7,41
3610,8,2,8,5,43
3611,8,3,8,5,38
3612,8,3,8,5,36
3613,8,2,9,4,37
3614,8,1,9,4,41
3615,8,0,8,4,43
3616,8,1,8,5,45
3617,8,3,7,5,44
3618,8,4,8,5,37
3619,8,2,8,5,35
3620,8,1,8,5,39
3621,8,1,9,4,40
3622,8,0,8,5,43
3623,8,2,7,7,45
3624,8,3,7,5,45
3625,8,3,8,5,37
3626,8,2,8,5,35
3627,8,1,8,5,38
3628,8,0,8,5,43
3629,8,1,8,5,44
3630,8,2,7,8,46
3631,8,4,8,3,45
3632,8,3,8,5,36
3633,8,2,8,5,38
3634,8,1,9,3,40
3635,8,0,9,4,43
3636,8,1,8,5,46
3637,8,2,8,5,42
3638,8,4,8,5,38
3639,8,3,8,5,36
3640,8,1,9,1,35
3641,8,1,9,4,41
3642,8,0,8,5,47
3643,8,2,7,7,45
3644,8,3,7,5,42
3645,8,4,8,4,35
3646,8,2,8,5,35
3647,8,1,9,0,38
3648,8,1,8,9,41
3649,8,0,8,4,44
3650,8,2,7,5,51
3651,8,4,7,5,43
3652,8,4,8,3,37
3653,8,2,8,5,31
3654,8,1,8,5,37
3655,8,1,8,5,41
3656,8,1,8,5,43
3657,8,2,7,6,45
3658,8,3,7,6,40
3659,8,3,8,4,35
3660,8,2,8,5,38
3661,8,1,8,5,42
3662,8,0,8,5,45
3663,8,1,8,5,46
3664,8,3,7,6,45
3665,8,4,8,5,35
3666,8,3,8,5,36
3667,8,2,8,5,38
3668,8,1,9,4,40
3669,8,0,8,10,43
3670,8,1,8,5,46
3671,8,3,8,3,44
3672,8,3,8,5,39
3673,8,2,8,5,38
3674,8,1,9,3,40
3675,8,1,9,4,42
3676,8,1,8,5,47
3677,8,2,8,5,45
3678,8,4,8,5,43
3679,8,4,8,5,38
3680,8,2,9,4,36
3681,8,1,9,4,37
3682,8,1,9,4,40
3683,8,1,8,8,48
3684,8,2,8,4,43
3685,8,4,8,4,37
3686,8,3,8,4,35
3687,8,2,9,4,37
3688,8,1,9,4,41
3689,8,0,8,7,45
3690,8,1,8,4,45
3691,8,3,7,5,43
3692,8,4,8,4,33
3693,8,3,8,4,35
3694,8,1,8,4,37
3695,8,1,8,4,41
3696,8,0,8,4,42
3697,8,1,7,5,50
3698,8,3,7,5,44
3699,8,4,7,5,38
3700,8,3,8,5,31
3701,8,1,8,5,36
3702,8,0,8,5,40
3703,8,0,8,5,43
3704,8,2,7,6,48
3705,8,4,7,6,44
3706,8,4,8,1,38
3707,8,2,8,5,30
3708,8,1,8,5,37
3709,8,0,8,5,44
3710,8,1,7,5,46
3711,8,2,7,6,44
3712,8,4,7,6,40
3713,8,3,8,4,32
3714,8,2,8,6,38
3715,8,1,8,6,42
3716,8,0,8,6,44
3717,8,1,7,7,53
3718,8,4,7,6,45
3719,8,5,7,7,39
3720,8,4,8,6,32
3721,8,2,8,6,37
3722,8,1,9,1,40
3723,8,0,8,5,43
3724,8,2,8,6,49
3725,8,4,8,6,44
3726,8,4,8,6,39
3727,8,3,9,3,37
3728,8,1,9,5,34
3729,8,0,9,5,41
3730,8,1,8,7,44
3731,8,2,8,5,49
3732,8,4,8,5,44
3733,8,4,8,5,36
3734,8,2,9,2,33
3735,8,1,9,4,41
3736,8,1,9,4,42
3737,8,1,8,5,46
3738,8,2,7,7,51
3739,8,4,8,2,38
3740,8,4,8,5,36
3741,8,2,8,5,37
3742,20,1,9,4,41
3743,20,1,8,12,48
3744,20,2,8,12,53
3745,20,4,8,14,52
3746,20,6,8,15,49
3747,20,8,9,14,46
3748,20,9,9,18,42
3749,20,9,10,15,42
3750,20,9,10,20,41
3751,20,9,11,19,43
3752,20,9,11,22,43
3753,20,9,12,19,46
3754,20,10,12,25,44
3755,20,11,12,26,44
3756,20,10,13,26,37
3757,20,10,13,27,43
3758,20,10,14,27,46
3759,20,11,14,28,46
3760,20,12,15,25,44
3761,20,12,15,29,39
3762,20,11,15,30,42
3763,20,10,16,30,49
3764,20,10,16,30,49
3765,20,12,16,31,48
3766,20,13,17,31,45
3767,20,14,17,31,42
3768,20,14,18,27,41
3769,20,14,18,31,39
3770,20,14,18,32,39
3771,20,13,19,30,34
3772,20,11,19,31,43
3773,20,10,19,32,46
3774,20,11,19,32,47
3775,20,12,20,28,47
3776,20,13,20,31,44
3777,20,14,20,31,42
3778,20,13,20,31,39
3779,20,13,21,30,40
3780,20,12,21,30,40
3781,20,11,21,30,41
3782,20,10,21,30,45
3783,20,11,22,27,48
3784,20,12,22,29,44
3785,20,12,22,28,43
3786,20,13,22,28,41
3787,20,12,22,28,39
3788,20,11,22,28,38
3789,20,10,23,25,40
3790,20,9,23,26,40
3791,20,9,23,26,46
3792,20,10,23,25,46
3793,20,11,23,25,41
3794,20,11,23,24,38
3795,20,10,23,24,38
3796,20,9,23,24,42
3797,20,8,23,23,45
3798,20,9,23,23,45
3799,20,9,23,22,43
3800,20,10,23,22,41
3801,20,10,23,21,38
3802,20,8,23,20,39
3803,20,7,24,19,38
3804,20,6,23,19,42
3805,20,5,23,19,48
3806,20,6,23,19,49
3807,20,8,23,18,46
3808,20,9,23,18,42
3809,20,9,23,17,39
3810,20,8,24,17,37
3811,20,7,24,16,32
3812,20,5,23,20,36
3813,20,4,23,15,45
3814,20,3,23,15,47
3815,20,4,23,15,50
3816,20,6,23,14,48
3817,20,7,23,14,44
3818,20,7,23,13,38
3819,20,6,23,13,37
3820,20,5,23,12,36
3821,20,4,23,12,43
3822,20,4,23,11,43
3823,20,5,23,11,43
3824,20,5,23,11,40
3825,20,5,23,10,39
3826,20,5,23,10,38
3827,20,3,22,10,40
3828,20,3,22,10,42
3829,20,2,22,9,43
3830,20,1,22,9,48
3831,20,3,21,13,49
3832,20,4,21,9,46
3833,20,5,21,9,42
3834,20,6,21,9,39
3835,20,5,21,9,36
3836,20,4,21,9,37
3837,20,3,21,9,40
3838,20,3,21,8,42
3839,20,3,21,8,44
3840,20,4,21,8,42
3841,20,4,21,8,40
3842,20,4,21,8,39
3843,20,3,21,8,39
3844,20,2,20,10,45
3845,20,2,20,8,46
3846,20,3,20,8,44
3847,20,4,20,8,41
3848,20,4,20,8,39
3849,20,4,20,8,39
3850,20,4,20,8,39
3851,20,2,20,8,40
3852,20,1,20,8,43
3853,20,2,20,8,46
3854,20,4,19,9,44
3855,20,5,19,9,42
3856,20,5,19,9,40
3857,20,5,19,9,39
3858,20,4,19,10,39
3859,20,2,19,10,41
3860,20,2,19,10,45
3861,20,3,19,10,47
3862,20,5,19,10,44
3863,20,5,19,10,42
3864,20,5,19,11,41
3865,20,5,19,11,40
3866,20,5,19,11,40
3867,20,5,19,11,40
3868,20,4,19,11,41
3869,20,4,19,7,46
3870,20,5,20,9,43
3871,20,6,20,11,39
3872,20,5,20,11,36
3873,20,4,20,11,39
3874,20,3,20,11,42
3875,20,2,20,11,44
3876,20,2,19,11,49
3877,20,4,19,12,51
3878,20,5,19,12,46
3879,20,7,19,12,42
3880,20,7,19,12,39
3881,20,6,19,12,37
3882,20,4,19,12,40
3883,20,4,19,12,44
3884,20,4,19,13,45
3885,20,5,19,13,45
3886,20,7,19,13,43
3887,20,7,20,12,40
3888,20,5,20,12,35
3889,20,4,20,12,42
3890,20,3,20,12,45
3891,20,2,20,12,50
3892,20,3,20,15,51
3893,20,5,20,11,44
3894,20,6,20,13,45
3895,20,7,20,12,38
3896,20,6,20,12,37
3897,20,4,20,12,41
3898,20,4,20,12,44
3899,20,5,20,12,45
3900,20,6,20,12,44
3901,20,6,20,12,40
3902,20,6,20,12,38
3903,20,5,20,12,37
3904,20,4,20,12,40
3905,20,4,20,12,44
3906,20,4,20,12,44
3907,20,5,20,12,44
3908,20,6,20,12,42
3909,20,6,20,12,39
3910,20,4,20,12,39
3911,20,4,20,12,41
3912,20,4,20,12,45
3913,20,5,20,12,44
3914,20,6,20,12,41
3915,20,6,20,12,39
3916,20,5,20,12,39
3917,20,4,20,12,42
3918,20,4,20,12,44
3919,20,4,20,12,45
3920,20,6,20,12,44
3921,20,6,20,12,40
3922,20,6,20,12,39
3923,20,5,20,12,39
3924,20,4,20,12,43
3925,20,4,20,12,44
3926,20,5,20,12,45
3927,20,6,20,12,43
3928,20,6,20,12,40
3929,20,6,20,12,39
3930,20,5,20,12,40
3931,20,5,20,12,42
3932,20,5,20,12,42
3933,20,5,20,12,42
3934,20,5,20,12,42
3935,20,5,20,12,42
3936,20,5,20,12,42
3937,20,6,20,12,39
3938,20,6,20,12,38
3939,20,6,20,12,38
3940,20,4,20,12,40
3941,20,3,20,12,43
3942,20,4,20,12,45
3943,20,5,20,12,44
3944,20,6,20,12,42
3945,20,6,20,12,39
3946,20,5,20,12,38
3947,20,4,20,12,40
3948,20,4,20,12,44
3949,20,5,20,12,45
3950,20,6,20,12,44
3951,20,6,20,12,42
3952,20,6,20,12,39
3953,20,5,20,12,39
3954,20,4,20,12,41
3955,20,4,20,12,44
3956,20,5,20,12,44
3957,20,6,20,12,42
3958,20,6,20,12,39
3959,20,6,20,12,39
3960,20,4,20,12,41
3961,20,3,20,12,44
3962,20,2,20,12,47
3963,20,3,20,12,51
3964,20,5,20,12,48
3965,20,6,20,12,44
3966,20,7,20,12,40
3967,20,7,20,12,37
3968,20,6,20,12,37
3969,20,4,20,12,40
3970,20,4,20,12,44
3971,20,4,20,12,45
3972,20,5,20,12,44
3973,20,6,20,12,42
3974,20,6,20,12,39
3975,20,4,20,12,39
3976,20,4,20,12,43
3977,20,4,20,12,45
3978,20,5,20,12,45
3979,20,6,20,12,43
3980,20,6,20,12,39
3981,20,5,21,10,40
3982,20,4,20,11,40
3983,20,3,20,12,44
3984,20,2,20,12,48
3985,20,3,20,12,50
3986,20,5,20,12,48
3987,20,7,20,12,44
3988,20,7,20,12,39
3989,20,7,20,12,37
3990,20,5,20,12,37
3991,20,4,20,12,40
3992,20,4,20,12,44
3993,20,5,20,12,44
3994,20,6,20,12,43
3995,20,6,20,12,41
3996,20,6,20,12,39
3997,20,4,20,12,39
3998,20,4,20,12,43
3999,20,4,20,12,44
4000,20,5,20,12,44
4001,20,6,20,12,43
4002,20,6,20,12,39
4003,20,5,20,12,40
4004,20,4,20,12,43
4005,20,4,20,12,44
4006,20,5,20,12,44
4007,20,6,20,12,42
4008,20,6,20,12,39
4009,20,5,20,12,38
4010,20,4,20,12,41
4011,20,4,20,12,44
4012,20,4,20,12,44
4013,20,5,20,12,44
4014,20,6,20,12,42
4015,20,6,20,12,39
4016,20,5,20,12,39
4017,20,4,20,12,42
4018,20,4,20,12,44
4019,20,5,20,12,45
4020,20,6,20,12,44
4021,20,6,20,12,41
4022,20,6,20,12,39
4023,20,4,20,12,39
4024,20,4,20,12,44
4025,20,3,20,12,46
4026,20,4,20,12,46
4027,20,5,20,12,44
4028,20,6,20,12,41
4029,20,6,20,12,38
4030,32,6,20,16,42
4031,32,6,20,17,44
4032,32,4,20,19,49
4033,32,5,20,21,55
4034,32,8,20,23,55
4035,32,10,20,25,52
4036,32,11,21,25,43
4037,32,12,21,27,44
4038,32,13,21,29,44
4039,32,13,21,31,45
4040,32,14,22,30,45
4041,32,14,22,33,42
4042,32,14,22,34,43
4043,32,15,22,36,44
4044,32,15,23,34,39
4045,32,15,23,38,44
4046,32,15,23,40,45
4047,32,15,23,41,47
4048,32,16,24,40,41
4049,32,15,24,43,47
4050,32,15,24,44,52
4051,32,17,24,45,53
4052,32,18,24,46,51
4053,32,20,25,47,46
4054,32,20,25,48,44
4055,32,20,25,49,44
4056,32,21,26,49,44
4057,32,21,26,50,43
4058,32,21,26,51,43
4059,32,21,27,50,44
4060,32,22,27,52,44
4061,32,21,27,53,43
4062,32,22,28,51,42
4063,32,21,28,53,41
4064,32,19,28,54,43
4065,32,19,28,54,48
4066,32,21,29,53,52
4067,32,22,29,55,48
4068,32,23,29,55,45
4069,32,23,29,56,43
4070,32,23,30,51,43
4071,32,23,30,56,42
4072,32,23,30,56,42
4073,32,23,30,56,42
4074,32,23,31,56,39
4075,32,22,31,56,42
4076,32,22,31,56,44
4077,32,22,31,56,44
4078,32,22,32,51,44
4079,32,23,32,56,42
4080,32,22,32,56,40
4081,32,22,32,56,42
4082,32,22,32,56,43
4083,32,22,32,56,44
4084,32,23,33,54,44
4085,32,22,33,55,42
4086,32,22,33,55,42
4087,32,22,33,54,42
4088,32,22,33,54,42
4089,32,22,33,54,41
4090,32,22,33,54,41
4091,32,21,34,52,38
4092,32,19,34,53,45
4093,32,19,34,53,48
4094,32,20,34,52,48
4095,32,21,34,52,46
4096,32,21,34,52,44
4097,32,22,34,51,42
4098,32,21,34,51,40
4099,32,21,34,51,42
4100,32,20,34,50,42
4101,32,20,34,50,43
4102,32,20,34,50,43
4103,32,20,34,50,43
4104,32,20,34,49,42
4105,32,20,35,46,42
4106,32,19,35,48,39
4107,32,17,35,47,41
4108,32,17,35,47,46
4109,32,18,35,46,48
4110,32,19,35,46,46
4111,32,19,35,46,43
4112,32,19,35,45,40
4113,32,18,35,45,40
4114,32,18,35,44,41
4115,32,17,35,44,42
4116,32,17,35,43,44
4117,32,17,35,43,44
4118,32,18,35,42,43
4119,32,18,35,42,40
4120,32,17,35,42,39
4121,32,16,35,41,40
4122,32,14,34,41,47
4123,32,15,34,41,47
4124,32,16,34,41,46
4125,32,17,34,40,44
4126,32,17,34,40,42
4127,32,17,34,40,41
4128,32,16,34,40,40
4129,32,16,34,39,41
4130,32,16,34,39,41
4131,32,16,34,39,41
4132,32,15,34,38,40
4133,32,14,34,38,43
4134,32,13,34,38,48
4135,32,13,34,37,49
4136,32,15,34,37,46
4137,32,16,34,37,42
4138,32,16,34,37,40
4139,32,16,34,36,39
4140,32,14,34,36,39
4141,32,12,33,37,47
4142,32,13,33,36,49
4143,32,14,33,36,48
4144,32,15,33,36,45
4145,32,16,33,36,41
4146,32,16,33,36,39
4147,32,15,33,36,39
4148,32,13,33,35,40
4149,32,12,33,35,45
4150,32,13,33,35,49
4151,32,14,33,35,48
4152,32,15,33,35,45
4153,32,15,33,35,41
4154,32,15,33,34,40
4155,32,14,33,34,39
4156,32,12,33,34,45
4157,32,12,32,39,54
4158,32,13,32,35,49
4159,32,15,32,35,44
4160,32,16,32,35,41
4161,32,15,32,35,40
4162,32,15,32,35,40
4163,32,14,32,35,40
4164,32,12,32,35,45
4165,32,13,32,35,49
4166,32,14,32,35,47
4167,32,15,32,35,45
4168,32,15,32,35,41
4169,32,15,32,35,40
4170,32,14,32,35,39
4171,32,12,32,35,42
4172,32,13,32,35,47
4173,32,14,32,35,48
4174,32,15,32,35,45
4175,32,15,32,35,41
4176,32,14,32,35,40
4177,32,14,32,35,40
4178,32,14,32,35,42
4179,32,14,32,35,42
4180,32,14,32,35,42
4181,32,14,32,35,42
4182,32,14,32,35,42
4183,32,14,32,35,42
4184,32,14,32,35,42
4185,32,14,32,35,42
4186,32,14,32,35,42
4187,32,14,32,35,42
4188,32,14,32,35,42
4189,32,14,32,35,42
4190,32,13,32,35,41
4191,32,14,32,35,44
4192,32,14,31,37,48
4193,32,15,32,33,42
4194,32,15,31,37,45
4195,32,15,32,33,41
4196,32,14,32,35,39
4197,32,14,31,37,40
4198,32,13,31,36,40
4199,32,12,31,36,46
4200,32,12,31,36,49
4201,32,14,31,36,51
4202,32,15,31,36,45
4203,32,16,31,37,41
4204,32,17,31,37,40
4205,32,15,31,37,39
4206,32,14,31,37,44
4207,32,14,31,37,46
4208,32,15,31,37,46
4209,32,15,31,37,44
4210,32,16,31,38,43
4211,32,16,31,38,41
4212,32,16,31,38,41
4213,32,16,31,38,41
4214,32,14,31,38,41
4215,32,14,31,38,45
4216,32,14,31,39,49
4217,32,15,31,39,48
4218,32,16,31,39,46
4219,32,17,31,39,43
4220,32,17,31,39,41
4221,32,17,31,39,40
4222,32,16,32,40,40
4223,32,14,32,39,44
4224,32,14,32,39,48
4225,32,14,31,39,48
4226,32,16,31,40,47
4227,32,16,31,40,46
4228,32,17,32,37,44
4229,32,18,32,39,40
4230,32,17,32,39,37
4231,32,16,32,39,40
4232,32,14,32,39,42
4233,32,13,32,39,48
4234,32,14,32,39,51
4235,32,16,32,39,49
4236,32,17,32,39,45
4237,32,17,32,39,42
4238,32,17,32,39,41
4239,32,16,32,39,40
4240,32,15,32,39,43
4241,32,15,32,39,46
4242,32,16,32,39,45
4243,32,16,32,39,44
4244,32,16,32,39,43
4245,32,17,32,39,41
4246,32,16,32,39,42
4247,32,16,32,39,42
4248,32,15,32,39,42
4249,32,14,32,39,46
4250,32,14,32,39,49
4251,32,15,32,39,47
4252,32,16,32,39,44
4253,32,17,32,39,43
4254,32,17,32,39,41
4255,32,17,32,39,40
4256,32,16,32,39,40
4257,32,16,32,39,41
4258,32,16,32,39,42
4259,32,15,32,39,41
4260,32,13,32,39,43
4261,32,13,32,39,49
4262,32,15,32,39,52
4263,32,16,32,39,48
4264,32,17,32,39,45
4265,32,17,32,39,42
4266,32,17,32,39,41
4267,32,15,32,39,43
4268,32,14,32,39,46
4269,32,15,32,39,46
4270,32,16,32,39,44
4271,32,16,32,39,43
4272,32,17,32,39,42
4273,32,17,32,39,40
4274,32,17,32,39,41
4275,32,16,32,39,41
4276,32,14,32,39,42
4277,32,14,32,39,47
4278,32,15,32,39,48
4279,32,16,32,39,46
4280,32,16,32,39,43
4281,32,17,32,39,43
4282,32,16,32,39,40
4283,32,16,32,39,41
4284,32,16,32,39,42
4285,32,15,32,39,42
4286,32,16,32,39,43
4287,32,16,32,39,42
4288,32,16,32,39,42
4289,32,16,32,39,41
4290,32,16,32,39,41
4291,32,15,32,39,42
4292,32,15,32,39,43
4293,32,16,32,39,43
4294,32,16,32,39,42
4295,32,15,32,39,41
4296,32,13,32,39,45
4297,32,14,32,39,49
4298,32,15,32,39,48
4299,32,16,32,39,45
4300,32,17,32,39,43
4301,32,17,32,39,41
4302,32,17,32,39,40
4303,32,16,32,39,40
4304,32,15,32,39,41
4305,32,14,32,39,44
4306,32,14,32,39,47
4307,32,15,32,39,48
4308,32,16,32,39,45
4309,32,17,32,39,43
4310,32,16,32,39,41
4311,32,14,32,39,41
4312,32,15,32,39,47
4313,32,15,32,39,46
4314,32,16,32,39,44
4315,32,17,32,39,43
4316,32,17,32,39,40
4317,8,16,32,33,34
4318,8,15,32,30,31
4319,8,13,32,25,29
4320,8,11,32,22,29
4321,8,10,32,19,27
4322,8,8,32,15,27
4323,8,6,31,14,26
4324,8,5,31,8,27
4325,8,3,31,5,27
4326,8,2,31,2,25
4327,8,1,30,0,31
4328,8,0,29,0,28
4329,8,0,27,1,33
4330,8,0,25,0,30
4331,8,0,24,0,33
4332,8,0,22,0,31
4333,8,0,20,0,31
4334,8,0,19,1,32
4335,8,0,17,0,31
4336,8,0,16,0,35
4337,8,0,15,0,32
4338,8,0,13,0,32
4339,8,0,12,4,32
4340,8,0,11,2,37
4341,8,0,10,1,35
4342,8,0,9,1,35
4343,8,0,8,2,36
4344,8,0,7,2,37
4345,8,0,6,3,39
4346,8,0,5,4,41
4347,8,0,4,7,41
4348,8,1,4,6,43
4349,8,2,4,7,42
4350,8,3,4,7,39
4351,8,1,5,3,38
4352,8,1,5,8,41
4353,8,1,5,8,46
4354,8,1,5,8,47
4355,8,3,5,9,50
4356,8,5,5,9,47
4357,8,6,6,10,40
4358,8,5,6,9,37
4359,8,5,7,8,34
4360,8,4,7,9,38
4361,8,3,8,8,38
4362,8,2,8,9,43
4363,8,1,8,9,47
4364,8,2,8,9,49
4365,8,4,8,9,45
4366,8,5,9,8,39
4367,8,4,9,8,37
4368,8,2,10,7,40
